RK,TIERS,PLAYER NAME,TEAM,POS,BYE WEEK,UPSIDE,BUST,SOS SEASON,ECR VS. ADP
1,1,Ja'Marr Chase,CIN,WR1,6,5 out of 5,1 out of 5,4 out of 5 stars,2
2,1,Jahmyr Gibbs,DET,RB1,6,5 out of 5,1 out of 5,5 out of 5 stars,-1
3,1,Puka Nacua,LAR,WR2,11,5 out of 5,2 out of 5,1 out of 5 stars,1
4,1,Bijan Robinson,ATL,RB2,11,5 out of 5,1 out of 5,2 out of 5 stars,-2
5,1,Jaxon Smith-Njigba,SEA,WR3,11,5 out of 5,2 out of 5,3 out of 5 stars,1
6,1,Amon-Ra St. Brown,DET,WR4,6,5 out of 5,1 out of 5,4 out of 5 stars,2
7,2,CeeDee Lamb,DAL,WR5,14,4 out of 5,2 out of 5,2 out of 5 stars,5
8,2,Justin Jefferson,MIN,WR6,6,5 out of 5,2 out of 5,5 out of 5 stars,5
9,2,Christian McCaffrey,SF,RB3,8,4 out of 5,4 out of 5,2 out of 5 stars,-4
10,2,Drake London,ATL,WR7,11,5 out of 5,2 out of 5,3 out of 5 stars,6
11,2,Jonathan Taylor,IND,RB4,13,4 out of 5,3 out of 5,4 out of 5 stars,-4
12,3,A.J. Brown,NE,WR8,11,5 out of 5,2 out of 5,2 out of 5 stars,8
13,3,Ashton Jeanty,LV,RB5,13,5 out of 5,2 out of 5,2 out of 5 stars,-3
14,3,Nico Collins,HOU,WR9,8,4 out of 5,3 out of 5,3 out of 5 stars,12
15,3,Chase Brown,CIN,RB6,6,5 out of 5,2 out of 5,2 out of 5 stars,0
16,3,James Cook III,BUF,RB7,7,5 out of 5,2 out of 5,2 out of 5 stars,-7
17,3,Brock Bowers,LV,TE1,13,5 out of 5,2 out of 5,3 out of 5 stars,5
18,3,George Pickens,DAL,WR10,14,4 out of 5,4 out of 5,2 out of 5 stars,6
19,3,Trey McBride,ARI,TE2,14,4 out of 5,2 out of 5,2 out of 5 stars,2
20,3,Chris Olave,NO,WR11,8,4 out of 5,3 out of 5,3 out of 5 stars,9
21,3,De'Von Achane,MIA,RB8,6,4 out of 5,4 out of 5,3 out of 5 stars,-10
22,3,Rashee Rice,KC,WR12,5,4 out of 5,4 out of 5,2 out of 5 stars,5
23,3,DeVonta Smith,PHI,WR13,10,4 out of 5,2 out of 5,4 out of 5 stars,11
24,4,Saquon Barkley,PHI,RB9,10,4 out of 5,3 out of 5,4 out of 5 stars,-10
25,4,Omarion Hampton,LAC,RB10,7,5 out of 5,2 out of 5,3 out of 5 stars,-8
26,4,Josh Allen,BUF,QB1,7,5 out of 5,1 out of 5,3 out of 5 stars,-3
,4,,,,,,,,
27,4,Malik Nabers,NYG,WR14,8,4 out of 5,4 out of 5,4 out of 5 stars,1
28,4,Kenneth Walker III,KC,RB11,5,5 out of 5,4 out of 5,3 out of 5 stars,-9
29,4,Zay Flowers,BAL,WR15,13,4 out of 5,2 out of 5,4 out of 5 stars,6
30,4,Garrett Wilson,NYJ,WR16,13,4 out of 5,4 out of 5,4 out of 5 stars,9
31,4,Lamar Jackson,BAL,QB2,13,4 out of 5,3 out of 5,3 out of 5 stars,11
32,4,Tetairoa McMillan,CAR,WR17,5,3 out of 5,4 out of 5,2 out of 5 stars,6
33,4,Ladd McConkey,LAC,WR18,7,4 out of 5,3 out of 5,2 out of 5 stars,13
34,4,Tee Higgins,CIN,WR19,6,5 out of 5,2 out of 5,4 out of 5 stars,7
35,4,Jaylen Waddle,DEN,WR20,10,4 out of 5,3 out of 5,2 out of 5 stars,13
36,5,Emeka Egbuka,TB,WR21,10,4 out of 5,3 out of 5,4 out of 5 stars,1
37,5,Drake Maye,NE,QB3,11,5 out of 5,2 out of 5,2 out of 5 stars,14
38,5,Derrick Henry,BAL,RB12,13,4 out of 5,2 out of 5,3 out of 5 stars,-20
39,5,Jeremiyah Love,ARI,RB13,14,5 out of 5,3 out of 5,2 out of 5 stars,-14
40,5,Colston Loveland,CHI,TE3,10,5 out of 5,2 out of 5,2 out of 5 stars,3
41,5,Breece Hall,NYJ,RB14,13,4 out of 5,3 out of 5,3 out of 5 stars,-9
42,5,Kyren Williams,LAR,RB15,11,4 out of 5,2 out of 5,5 out of 5 stars,-12
43,5,Terry McLaurin,WAS,WR22,7,4 out of 5,2 out of 5,2 out of 5 stars,13
44,5,Josh Jacobs,GB,RB16,11,4 out of 5,3 out of 5,4 out of 5 stars,-13
45,5,Joe Burrow,CIN,QB4,6,4 out of 5,3 out of 5,3 out of 5 stars,12
46,5,Javonte Williams,DAL,RB17,14,4 out of 5,4 out of 5,4 out of 5 stars,-13
47,5,Luther Burden III,CHI,WR23,10,4 out of 5,4 out of 5,3 out of 5 stars,6
48,5,Travis Etienne Jr.,NO,RB18,8,4 out of 5,3 out of 5,3 out of 5 stars,-8
49,5,Davante Adams,LAR,WR24,11,3 out of 5,4 out of 5,1 out of 5 stars,0
50,5,Tyler Warren,IND,TE4,13,5 out of 5,2 out of 5,3 out of 5 stars,-3
51,5,Jayden Daniels,WAS,QB5,7,4 out of 5,4 out of 5,2 out of 5 stars,9
52,5,Mike Evans,SF,WR25,8,4 out of 5,3 out of 5,2 out of 5 stars,11
53,6,DJ Moore,BUF,WR26,7,4 out of 5,2 out of 5,4 out of 5 stars,2
54,6,Cam Skattebo,NYG,RB19,8,4 out of 5,4 out of 5,4 out of 5 stars,-18
55,6,Jameson Williams,DET,WR27,6,4 out of 5,3 out of 5,4 out of 5 stars,3
56,6,Jalen Hurts,PHI,QB6,10,4 out of 5,3 out of 5,5 out of 5 stars,8
57,6,Christian Watson,GB,WR28,11,4 out of 5,4 out of 5,5 out of 5 stars,10
58,6,Rome Odunze,CHI,WR29,10,4 out of 5,3 out of 5,3 out of 5 stars,3
59,6,D'Andre Swift,CHI,RB20,10,3 out of 5,3 out of 5,2 out of 5 stars,-9
60,6,Bucky Irving,TB,RB21,10,3 out of 5,4 out of 5,2 out of 5 stars,-16
61,6,Quinshon Judkins,CLE,RB22,11,4 out of 5,4 out of 5,3 out of 5 stars,-16
62,6,David Montgomery,HOU,RB23,8,4 out of 5,2 out of 5,4 out of 5 stars,-10
63,6,TreVeyon Henderson,NE,RB24,11,4 out of 5,4 out of 5,2 out of 5 stars,-9
64,6,Carnell Tate,TEN,WR30,9,4 out of 5,2 out of 5,3 out of 5 stars,1
65,6,Parker Washington,JAC,WR31,7,4 out of 5,3 out of 5,4 out of 5 stars,9
66,6,Marvin Harrison Jr.,ARI,WR32,14,3 out of 5,4 out of 5,2 out of 5 stars,6
67,6,Caleb Williams,CHI,QB7,10,5 out of 5,2 out of 5,3 out of 5 stars,6
68,6,Bhayshul Tuten,JAC,RB25,7,4 out of 5,3 out of 5,4 out of 5 stars,-9
69,6,Justin Herbert,LAC,QB8,7,4 out of 5,2 out of 5,2 out of 5 stars,18
70,6,Tucker Kraft,GB,TE5,11,4 out of 5,2 out of 5,2 out of 5 stars,0
71,6,Jadarian Price,SEA,RB26,11,4 out of 5,4 out of 5,4 out of 5 stars,-9
72,7,Jaylen Warren,PIT,RB27,9,4 out of 5,4 out of 5,2 out of 5 stars,-1
73,7,Harold Fannin Jr.,CLE,TE6,11,4 out of 5,2 out of 5,3 out of 5 stars,-7
74,7,Brian Thomas Jr.,JAC,WR33,7,2 out of 5,4 out of 5,4 out of 5 stars,4
75,7,Trevor Lawrence,JAC,QB9,7,5 out of 5,1 out of 5,4 out of 5 stars,11
76,7,Dak Prescott,DAL,QB10,14,4 out of 5,2 out of 5,2 out of 5 stars,0
77,7,DK Metcalf,PIT,WR34,9,3 out of 5,4 out of 5,3 out of 5 stars,2
78,7,Rhamondre Stevenson,NE,RB28,11,3 out of 5,3 out of 5,2 out of 5 stars,4
79,7,Kyle Pitts Sr.,ATL,TE7,11,4 out of 5,4 out of 5,3 out of 5 stars,-10
80,7,Chris Godwin Jr.,TB,WR35,10,4 out of 5,3 out of 5,4 out of 5 stars,16
81,7,Sam LaPorta,DET,TE8,6,4 out of 5,3 out of 5,3 out of 5 stars,-13
82,7,Tony Pollard,TEN,RB29,9,4 out of 5,2 out of 5,3 out of 5 stars,-7
83,7,Josh Downs,IND,WR36,13,4 out of 5,3 out of 5,4 out of 5 stars,17
84,7,Michael Pittman Jr.,PIT,WR37,9,3 out of 5,4 out of 5,3 out of 5 stars,11
85,7,Courtland Sutton,DEN,WR38,10,2 out of 5,4 out of 5,2 out of 5 stars,-8
86,7,Jordyn Tyson,NO,WR39,8,4 out of 5,4 out of 5,3 out of 5 stars,-2
87,7,Wan'Dale Robinson,TEN,WR40,9,3 out of 5,3 out of 5,3 out of 5 stars,7
88,7,Rico Dowdle,PIT,RB30,9,4 out of 5,4 out of 5,2 out of 5 stars,-7
89,7,Michael Wilson,ARI,WR41,14,-,-,2 out of 5 stars,-1
90,7,Chuba Hubbard,CAR,RB31,5,2 out of 5,4 out of 5,1 out of 5 stars,-7
,7,,,,,,,,
91,7,Alec Pierce,IND,WR42,13,4 out of 5,4 out of 5,4 out of 5 stars,-2
92,7,RJ Harvey,DEN,RB32,10,2 out of 5,4 out of 5,2 out of 5 stars,-12
93,7,Jaxson Dart,NYG,QB11,8,4 out of 5,4 out of 5,4 out of 5 stars,-8
94,7,Brock Purdy,SF,QB12,8,4 out of 5,2 out of 5,1 out of 5 stars,13
95,7,Travis Kelce,KC,TE9,5,2 out of 5,3 out of 5,4 out of 5 stars,2
96,7,Jonathon Brooks,CAR,RB33,5,4 out of 5,4 out of 5,1 out of 5 stars,-3
97,7,Patrick Mahomes II,KC,QB13,5,3 out of 5,4 out of 5,2 out of 5 stars,6
98,8,Bo Nix,DEN,QB14,10,4 out of 5,2 out of 5,3 out of 5 stars,15
99,8,Kenny Gainwell,TB,RB34,10,4 out of 5,3 out of 5,2 out of 5 stars,2
100,8,Quentin Johnston,LAC,WR43,7,4 out of 5,4 out of 5,2 out of 5 stars,6
101,8,J.K. Dobbins,DEN,RB35,10,4 out of 5,4 out of 5,2 out of 5 stars,-11
102,8,Jakobi Meyers,JAC,WR44,7,2 out of 5,2 out of 5,4 out of 5 stars,3
103,8,George Kittle,SF,TE10,8,4 out of 5,4 out of 5,3 out of 5 stars,-11
104,8,Makai Lemon,PHI,WR45,10,4 out of 5,4 out of 5,4 out of 5 stars,-2
105,8,Matthew Stafford,LAR,QB15,11,4 out of 5,2 out of 5,3 out of 5 stars,-14
106,8,Jared Goff,DET,QB16,6,4 out of 5,1 out of 5,5 out of 5 stars,18
107,8,Jordan Addison,MIN,WR46,6,4 out of 5,3 out of 5,5 out of 5 stars,5
108,8,Rachaad White,WAS,RB36,7,4 out of 5,2 out of 5,4 out of 5 stars,3
109,8,Kyle Monangai,CHI,RB37,10,4 out of 5,3 out of 5,2 out of 5 stars,-10
110,8,Jayden Reed,GB,WR47,11,4 out of 5,4 out of 5,5 out of 5 stars,10
111,8,Blake Corum,LAR,RB38,11,4 out of 5,4 out of 5,5 out of 5 stars,-7
112,8,Kyler Murray,MIN,QB17,6,4 out of 5,3 out of 5,5 out of 5 stars,24
113,8,Aaron Jones Sr.,MIN,RB39,6,1 out of 5,4 out of 5,4 out of 5 stars,6
114,8,Stefon Diggs,WAS,WR48,7,4 out of 5,3 out of 5,2 out of 5 stars,8
115,8,Jake Ferguson,DAL,TE11,14,2 out of 5,4 out of 5,2 out of 5 stars,-5
116,8,Dalton Kincaid,BUF,TE12,7,3 out of 5,4 out of 5,3 out of 5 stars,7
117,8,Isaiah Likely,NYG,TE13,8,4 out of 5,3 out of 5,3 out of 5 stars,-8
118,8,Baker Mayfield,TB,QB18,10,3 out of 5,4 out of 5,2 out of 5 stars,16
119,8,Jordan Love,GB,QB19,11,4 out of 5,3 out of 5,4 out of 5 stars,26
120,8,Jordan Mason,MIN,RB40,6,4 out of 5,3 out of 5,4 out of 5 stars,-3
121,8,Jacory Croskey-Merritt,WAS,RB41,7,3 out of 5,4 out of 5,4 out of 5 stars,-3
122,8,Dallas Goedert,PHI,TE14,10,4 out of 5,4 out of 5,4 out of 5 stars,-6
123,8,Tyler Shough,NO,QB20,8,4 out of 5,2 out of 5,3 out of 5 stars,24
124,8,Khalil Shakir,BUF,WR49,7,2 out of 5,4 out of 5,4 out of 5 stars,9
125,8,Jayden Higgins,HOU,WR50,8,4 out of 5,2 out of 5,3 out of 5 stars,16
126,8,Jalen Coker,CAR,WR51,5,4 out of 5,3 out of 5,2 out of 5 stars,18
127,8,Xavier Worthy,KC,WR52,5,4 out of 5,4 out of 5,2 out of 5 stars,2
128,8,KC Concepcion,CLE,WR53,11,4 out of 5,3 out of 5,3 out of 5 stars,-1
129,8,Mark Andrews,BAL,TE15,13,4 out of 5,4 out of 5,4 out of 5 stars,-4
130,8,Malik Willis,MIA,QB21,6,4 out of 5,4 out of 5,3 out of 5 stars,34
131,8,Matthew Golden,GB,WR54,11,3 out of 5,4 out of 5,5 out of 5 stars,-5
132,8,Romeo Doubs,NE,WR55,11,4 out of 5,3 out of 5,2 out of 5 stars,-2
133,9,Tyrone Tracy Jr.,NYG,RB42,8,3 out of 5,4 out of 5,4 out of 5 stars,7
134,9,Chris Rodriguez Jr.,JAC,RB43,7,3 out of 5,4 out of 5,4 out of 5 stars,9
135,9,Tyler Allgeier,ARI,RB44,14,3 out of 5,4 out of 5,2 out of 5 stars,18
136,9,Sam Darnold,SEA,QB22,11,2 out of 5,4 out of 5,4 out of 5 stars,47
137,9,Woody Marks,HOU,RB45,8,3 out of 5,4 out of 5,4 out of 5 stars,2
138,9,Tyjae Spears,TEN,RB46,9,3 out of 5,4 out of 5,3 out of 5 stars,12
139,9,C.J. Stroud,HOU,QB23,8,3 out of 5,4 out of 5,4 out of 5 stars,35
140,9,Zach Charbonnet,SEA,RB47,11,3 out of 5,4 out of 5,4 out of 5 stars,-9
141,9,Juwan Johnson,NO,TE16,8,4 out of 5,4 out of 5,2 out of 5 stars,14
142,9,Alvin Kamara,NO,RB48,8,2 out of 5,4 out of 5,3 out of 5 stars,0
143,9,Deebo Samuel Sr.,SF,WR56,8,4 out of 5,3 out of 5,2 out of 5 stars,-15
144,9,Dylan Sampson,CLE,RB49,11,4 out of 5,2 out of 5,3 out of 5 stars,50
145,9,Rashid Shaheed,SEA,WR57,11,3 out of 5,4 out of 5,3 out of 5 stars,1
146,9,Isiah Pacheco,DET,RB50,6,3 out of 5,4 out of 5,5 out of 5 stars,3
147,9,Cam Ward,TEN,QB24,9,4 out of 5,4 out of 5,3 out of 5 stars,60
148,9,Daniel Jones,IND,QB25,13,4 out of 5,4 out of 5,4 out of 5 stars,30
149,9,Chig Okonkwo,WAS,TE17,7,4 out of 5,4 out of 5,1 out of 5 stars,19
150,9,Brenton Strange,JAC,TE18,7,4 out of 5,3 out of 5,3 out of 5 stars,7
151,9,Denzel Boston,CLE,WR58,11,4 out of 5,4 out of 5,3 out of 5 stars,10
152,9,Keaton Mitchell,LAC,RB51,7,4 out of 5,4 out of 5,3 out of 5 stars,33
153,9,De'Zhaun Stribling,SF,WR59,8,3 out of 5,4 out of 5,2 out of 5 stars,-1
154,9,Hunter Henry,NE,TE19,11,2 out of 5,4 out of 5,4 out of 5 stars,0
155,9,Tank Bigsby,PHI,RB52,10,4 out of 5,4 out of 5,4 out of 5 stars,12
156,9,Jonah Coleman,DEN,RB53,10,3 out of 5,4 out of 5,2 out of 5 stars,33
157,9,Jerry Jeudy,CLE,WR60,11,2 out of 5,4 out of 5,3 out of 5 stars,14
158,9,Houston Texans,HOU,DST1,8,-,-,2 out of 5 stars,-60
159,9,Bryce Young,CAR,QB26,5,2 out of 5,4 out of 5,2 out of 5 stars,49
160,9,Brian Robinson Jr.,ATL,RB54,11,2 out of 5,4 out of 5,2 out of 5 stars,0
161,9,Jauan Jennings,MIN,WR61,6,2 out of 5,4 out of 5,5 out of 5 stars,36
162,9,Jalen McMillan,TB,WR62,10,4 out of 5,4 out of 5,4 out of 5 stars,14
163,9,Adonai Mitchell,NYJ,WR63,13,4 out of 5,4 out of 5,4 out of 5 stars,53
164,10,Tre' Harris,LAC,WR64,7,4 out of 5,3 out of 5,2 out of 5 stars,66
165,10,Omar Cooper Jr.,NYJ,WR65,13,3 out of 5,4 out of 5,4 out of 5 stars,34
166,10,Tre Tucker,LV,WR66,13,4 out of 5,2 out of 5,2 out of 5 stars,9
167,10,Dalton Schultz,HOU,TE20,8,3 out of 5,2 out of 5,4 out of 5 stars,14
168,10,Denver Broncos,DEN,DST2,10,-,-,4 out of 5 stars,-53
169,10,Oronde Gadsden II,LAC,TE21,7,3 out of 5,4 out of 5,4 out of 5 stars,4
170,10,Seattle Seahawks,SEA,DST3,11,-,-,2 out of 5 stars,-49
171,10,Los Angeles Rams,LAR,DST4,11,-,-,2 out of 5 stars,-57
172,10,Travis Hunter,JAC,WR67,7,3 out of 5,4 out of 5,4 out of 5 stars,43
173,10,Braelon Allen,NYJ,RB55,13,2 out of 5,4 out of 5,3 out of 5 stars,31
174,10,T.J. Hockenson,MIN,TE22,6,3 out of 5,4 out of 5,4 out of 5 stars,-16
175,10,Philadelphia Eagles,PHI,DST5,10,-,-,0 out of 5 stars,-38
176,10,Jalen Nailor,LV,WR68,13,-,-,2 out of 5 stars,15
177,10,Jacoby Brissett,ARI,QB27,14,3 out of 5,4 out of 5,2 out of 5 stars,71
178,10,Ryan Flournoy,DAL,WR69,14,4 out of 5,2 out of 5,2 out of 5 stars,67
179,10,Ray Davis,BUF,RB56,7,4 out of 5,4 out of 5,2 out of 5 stars,62
180,10,Dontayvion Wicks,PHI,WR70,10,4 out of 5,4 out of 5,4 out of 5 stars,88
181,10,Malik Washington,MIA,WR71,6,3 out of 5,4 out of 5,3 out of 5 stars,46
182,10,Brandon Aubrey,DAL,K1,14,5 out of 5,1 out of 5,2 out of 5 stars,-74
183,10,Pittsburgh Steelers,PIT,DST6,9,-,-,5 out of 5 stars,-32
184,10,New England Patriots,NE,DST7,11,-,-,3 out of 5 stars,-28
185,10,Kimani Vidal,LAC,RB57,7,1 out of 5,4 out of 5,3 out of 5 stars,52
186,10,Jacksonville Jaguars,JAC,DST8,7,-,-,3 out of 5 stars,-14
187,10,Minnesota Vikings,MIN,DST9,6,-,-,1 out of 5 stars,-25
188,10,Los Angeles Chargers,LAC,DST10,7,-,-,3 out of 5 stars,-19
189,10,Pat Bryant,DEN,WR72,10,-,-,2 out of 5 stars,73
190,10,MarShawn Lloyd,GB,RB58,11,4 out of 5,4 out of 5,4 out of 5 stars,13
191,10,Cameron Dicker,LAC,K2,7,5 out of 5,1 out of 5,2 out of 5 stars,-59
192,10,Emmett Johnson,KC,RB59,5,4 out of 5,4 out of 5,3 out of 5 stars,50
193,10,AJ Barner,SEA,TE23,11,4 out of 5,2 out of 5,3 out of 5 stars,17
194,10,Calvin Ridley,TEN,WR73,9,2 out of 5,4 out of 5,3 out of 5 stars,-7
195,10,Sean Tucker,TB,RB60,10,4 out of 5,4 out of 5,2 out of 5 stars,52
196,10,Ka'imi Fairbairn,HOU,K3,8,5 out of 5,1 out of 5,2 out of 5 stars,-58
197,10,Cam Little,JAC,K4,7,-,-,4 out of 5 stars,-49
198,10,James Conner,ARI,RB61,14,3 out of 5,4 out of 5,2 out of 5 stars,11
199,10,Baltimore Ravens,BAL,DST11,13,-,-,5 out of 5 stars,-40
200,10,Kayshon Boutte,NE,WR74,11,3 out of 5,4 out of 5,2 out of 5 stars,31
201,10,Jason Myers,SEA,K5,11,4 out of 5,1 out of 5,4 out of 5 stars,-66
202,10,Troy Franklin,DEN,WR75,10,1 out of 5,5 out of 5,2 out of 5 stars,77
203,10,Jaylin Noel,HOU,WR76,8,3 out of 5,4 out of 5,3 out of 5 stars,79
204,10,Mike Washington Jr.,LV,RB62,13,3 out of 5,4 out of 5,2 out of 5 stars,-6
205,10,Nicholas Singleton,TEN,RB63,9,3 out of 5,4 out of 5,3 out of 5 stars,33
206,10,Gunnar Helm,TEN,TE24,9,3 out of 5,3 out of 5,3 out of 5 stars,52
207,11,Eddy Pineiro,SF,K6,8,4 out of 5,1 out of 5,5 out of 5 stars,-28
208,11,Tyler Loop,BAL,K7,13,-,-,3 out of 5 stars,-31
209,11,Green Bay Packers,GB,DST12,11,-,-,2 out of 5 stars,-25
210,11,Tank Dell,HOU,WR77,8,4 out of 5,4 out of 5,3 out of 5 stars,-40
211,11,Kansas City Chiefs,KC,DST13,5,-,-,3 out of 5 stars,-19
212,11,Emanuel Wilson,SEA,RB64,11,2 out of 5,4 out of 5,4 out of 5 stars,47
213,11,Kenyon Sadiq,NYJ,TE25,13,4 out of 5,4 out of 5,4 out of 5 stars,-50
214,11,Darnell Mooney,NYG,WR78,8,3 out of 5,4 out of 5,4 out of 5 stars,36
215,11,Geno Smith,NYJ,QB28,13,2 out of 5,4 out of 5,4 out of 5 stars,153
216,11,Rashod Bateman,BAL,WR79,13,3 out of 5,4 out of 5,4 out of 5 stars,30
217,11,Aaron Rodgers,PIT,QB29,9,1 out of 5,4 out of 5,2 out of 5 stars,8
218,11,Isaac TeSlaa,DET,WR80,6,3 out of 5,4 out of 5,4 out of 5 stars,21
219,11,Jaydon Blue,DAL,RB65,14,4 out of 5,4 out of 5,4 out of 5 stars,17
220,11,Kaytron Allen,WAS,RB66,7,3 out of 5,4 out of 5,4 out of 5 stars,33
221,11,Jake Bates,DET,K8,6,4 out of 5,2 out of 5,5 out of 5 stars,-55
222,11,Cooper Kupp,SEA,WR81,11,3 out of 5,4 out of 5,3 out of 5 stars,-32
223,11,Cairo Santos,CHI,K9,10,4 out of 5,3 out of 5,0 out of 5 stars,-27
224,11,Antonio Williams,WAS,WR82,7,4 out of 5,3 out of 5,2 out of 5 stars,-4
225,11,Zachariah Branch,ATL,WR83,11,3 out of 5,4 out of 5,3 out of 5 stars,7
226,11,Terrance Ferguson,LAR,TE26,11,4 out of 5,4 out of 5,4 out of 5 stars,-21
227,11,Evan McPherson,CIN,K10,6,4 out of 5,2 out of 5,2 out of 5 stars,-39
228,11,Detroit Lions,DET,DST14,6,-,-,5 out of 5 stars,-48
229,11,Andy Borregales,NE,K11,11,-,-,1 out of 5 stars,5
230,11,Harrison Mevis,LAR,K12,11,4 out of 5,1 out of 5,2 out of 5 stars,-65
231,11,Chase McLaughlin,TB,K13,10,4 out of 5,2 out of 5,3 out of 5 stars,-30
232,11,Pat Freiermuth,PIT,TE27,9,3 out of 5,4 out of 5,2 out of 5 stars,-10
233,11,Cade Otton,TB,TE28,10,2 out of 5,4 out of 5,2 out of 5 stars,-14
234,11,Buffalo Bills,BUF,DST15,7,-,-,3 out of 5 stars,-39
235,11,Germie Bernard,PIT,WR84,9,2 out of 5,4 out of 5,3 out of 5 stars,17
236,11,Jaylen Wright,MIA,RB67,6,-,-,3 out of 5 stars,21
237,11,Cleveland Browns,CLE,DST16,11,-,-,5 out of 5 stars,-35
238,11,Ollie Gordon II,MIA,RB68,6,2 out of 5,4 out of 5,3 out of 5 stars,63
239,11,George Holani,SEA,RB69,11,3 out of 5,4 out of 5,4 out of 5 stars,31
240,11,Evan Engram,DEN,TE29,10,-,-,4 out of 5 stars,101
241,11,Justice Hill,BAL,RB70,13,-,-,3 out of 5 stars,-13
242,11,Greg Dulcich,MIA,TE30,6,4 out of 5,4 out of 5,5 out of 5 stars,-24
243,11,Jack Bech,LV,WR85,13,3 out of 5,4 out of 5,2 out of 5 stars,47
244,11,Harrison Butker,KC,K14,5,-,-,5 out of 5 stars,-62
245,11,Chimere Dike,TEN,WR86,9,1 out of 5,5 out of 5,3 out of 5 stars,75
246,11,Chris Boswell,PIT,K15,9,-,-,4 out of 5 stars,-35
247,11,Fernando Mendoza,LV,QB30,13,4 out of 5,3 out of 5,1 out of 5 stars,-34
248,11,Elic Ayomanor,TEN,WR87,9,1 out of 5,5 out of 5,3 out of 5 stars,60
249,11,David Njoku,LAC,TE31,7,4 out of 5,4 out of 5,4 out of 5 stars,-37
250,11,Keon Coleman,BUF,WR88,7,2 out of 5,4 out of 5,4 out of 5 stars,45
251,11,Demond Claiborne,MIN,RB71,6,3 out of 5,4 out of 5,4 out of 5 stars,13
252,11,Isaiah Davis,NYJ,RB72,13,3 out of 5,4 out of 5,3 out of 5 stars,197
253,12,Tua Tagovailoa,ATL,QB31,11,2 out of 5,4 out of 5,4 out of 5 stars,33
254,12,Ted Hurst III,TB,WR89,10,4 out of 5,4 out of 5,4 out of 5 stars,27
255,12,Chris Bell,MIA,WR90,6,3 out of 5,4 out of 5,3 out of 5 stars,47
256,12,Tory Horton,SEA,WR91,11,4 out of 5,4 out of 5,3 out of 5 stars,38
257,12,Malachi Fields,NYG,WR92,8,4 out of 5,4 out of 5,4 out of 5 stars,-24
258,12,Jordan James,SF,RB73,8,2 out of 5,4 out of 5,2 out of 5 stars,-23
259,12,Elijah Sarratt,BAL,WR93,13,4 out of 5,4 out of 5,4 out of 5 stars,60
260,12,Christian Kirk,SF,WR94,8,2 out of 5,4 out of 5,2 out of 5 stars,3
261,12,Colby Parkinson,LAR,TE32,11,-,-,4 out of 5 stars,31
262,12,LeQuint Allen Jr.,JAC,RB74,7,3 out of 5,4 out of 5,4 out of 5 stars,37
263,12,Kaelon Black,SF,RB75,8,4 out of 5,4 out of 5,2 out of 5 stars,-23
264,12,DJ Giddens,IND,RB76,13,2 out of 5,4 out of 5,4 out of 5 stars,43
265,12,Ty Johnson,BUF,RB77,7,-,-,2 out of 5 stars,23
266,12,Ja'Kobi Lane,BAL,WR95,13,3 out of 5,4 out of 5,4 out of 5 stars,-60
267,12,Chris Brooks,GB,RB78,11,2 out of 5,4 out of 5,4 out of 5 stars,130
268,12,Wil Lutz,DEN,K16,10,-,-,1 out of 5 stars,-54
269,12,Eli Stowers,PHI,TE33,10,4 out of 5,4 out of 5,4 out of 5 stars,-3
270,12,Tyquan Thornton,KC,WR96,5,3 out of 5,4 out of 5,2 out of 5 stars,162
271,12,Samaje Perine,CIN,RB79,6,1 out of 5,4 out of 5,2 out of 5 stars,5
272,12,Will Reichard,MIN,K17,6,-,-,2 out of 5 stars,-86
273,12,Darius Slayton,NYG,WR97,8,3 out of 5,4 out of 5,4 out of 5 stars,135
274,12,Mason Taylor,NYJ,TE34,13,1 out of 5,4 out of 5,4 out of 5 stars,-7
275,12,Xavier Legette,CAR,WR98,5,2 out of 5,4 out of 5,2 out of 5 stars,139
276,12,Marvin Mims Jr.,DEN,WR99,10,3 out of 5,4 out of 5,2 out of 5 stars,13
277,12,Trey Benson,ARI,RB80,14,2 out of 5,4 out of 5,2 out of 5 stars,57
278,12,Devaughn Vele,NO,WR100,8,-,-,3 out of 5 stars,45
279,12,San Francisco 49ers,SF,DST17,8,-,-,3 out of 5 stars,-56
280,12,Theo Johnson,NYG,TE35,8,1 out of 5,5 out of 5,3 out of 5 stars,31
281,12,Michael Penix Jr.,ATL,QB32,11,2 out of 5,5 out of 5,4 out of 5 stars,2
282,12,Oscar Delp,NO,TE36,8,4 out of 5,4 out of 5,2 out of 5 stars,249
283,12,Deshaun Watson,CLE,QB33,11,1 out of 5,5 out of 5,4 out of 5 stars,90
284,12,Kirk Cousins,LV,QB34,13,2 out of 5,4 out of 5,1 out of 5 stars,3
285,12,Malik Davis,DAL,RB81,14,-,-,4 out of 5 stars,121
286,12,Atlanta Falcons,ATL,DST18,11,-,-,4 out of 5 stars,-42
287,12,Shedeur Sanders,CLE,QB35,11,3 out of 5,4 out of 5,4 out of 5 stars,-33
288,12,Caleb Douglas,MIA,WR101,6,-,-,3 out of 5 stars,-13
289,12,Emari Demercado,KC,RB82,5,1 out of 5,5 out of 5,3 out of 5 stars,69
290,12,Devin Neal,NO,RB83,8,2 out of 5,4 out of 5,3 out of 5 stars,16
291,12,Keenan Allen,LAC,WR102,7,2 out of 5,4 out of 5,2 out of 5 stars,-48
292,12,Devin Singletary,NYG,RB84,8,-,-,4 out of 5 stars,5
293,12,Hollywood Brown,PHI,WR103,10,-,-,4 out of 5 stars,38
294,12,Kyle Williams,NE,WR104,11,-,-,2 out of 5 stars,-20
295,12,Brashard Smith,KC,RB85,5,-,-,3 out of 5 stars,10
296,12,Kaleb Johnson,PIT,RB86,9,2 out of 5,5 out of 5,2 out of 5 stars,4
297,12,Brandon Aiyuk,SF,WR105,8,2 out of 5,5 out of 5,2 out of 5 stars,-20
298,12,New Orleans Saints,NO,DST19,8,-,-,5 out of 5 stars,-74
299,12,Adam Randall,BAL,RB87,13,3 out of 5,4 out of 5,3 out of 5 stars,239
300,12,Seth McGowan,IND,RB88,13,4 out of 5,4 out of 5,4 out of 5 stars,184
301,12,Skyler Bell,BUF,WR106,7,-,-,4 out of 5 stars,21
302,12,Cyrus Allen,KC,WR107,5,-,-,2 out of 5 stars,-81
303,12,Mack Hollins,NE,WR108,11,-,-,2 out of 5 stars,48
304,12,Kendre Miller,NO,RB89,8,2 out of 5,4 out of 5,3 out of 5 stars,38
305,12,Mike Gesicki,CIN,TE37,6,-,-,3 out of 5 stars,33
306,12,Isaiah Bond,CLE,WR109,11,-,-,3 out of 5 stars,42
307,12,Jerome Ford,WAS,RB90,7,-,-,4 out of 5 stars,325
308,12,Tahj Brooks,CIN,RB91,6,-,-,2 out of 5 stars,210
309,13,Najee Harris,LAC,RB92,7,1 out of 5,5 out of 5,3 out of 5 stars,21
310,13,Trevor Etienne,CAR,RB93,5,-,-,1 out of 5 stars,216
311,13,Jarquez Hunter,LAR,RB94,11,-,-,5 out of 5 stars,59
312,13,Tyreek Hill,FA,WR110,-,1 out of 5,5 out of 5,-,-95
313,13,Jake Tonges,SF,TE38,8,-,-,3 out of 5 stars,-48
314,13,Charlie Smyth,NO,K18,8,-,-,5 out of 5 stars,141
315,13,Indianapolis Colts,IND,DST20,13,-,-,5 out of 5 stars,-42
316,13,Isaac Guerendo,SF,RB95,8,-,-,2 out of 5 stars,-
317,13,Andrei Iosivas,CIN,WR111,6,-,-,4 out of 5 stars,76
318,13,Chicago Bears,CHI,DST21,10,-,-,2 out of 5 stars,-118
319,13,Jaleel McLaughlin,DEN,RB96,10,-,-,2 out of 5 stars,318
320,13,Audric Estime,NO,RB97,8,-,-,3 out of 5 stars,43
321,13,Darnell Washington,PIT,TE39,9,-,-,2 out of 5 stars,-36
322,13,Will Shipley,PHI,RB98,10,-,-,4 out of 5 stars,177
323,13,Jalen Tolbert,MIA,WR112,6,-,-,3 out of 5 stars,-27
324,13,Michael Mayer,LV,TE40,13,-,-,3 out of 5 stars,80
325,13,J.J. McCarthy,MIN,QB36,6,-,-,5 out of 5 stars,-70
326,13,Kareem Hunt,FA,RB99,-,-,-,-,-9
327,13,Elijah Arroyo,SEA,TE41,11,-,-,3 out of 5 stars,-14
328,13,Carson Beck,ARI,QB37,14,-,-,2 out of 5 stars,-35
329,13,Jahan Dotson,ATL,WR113,11,-,-,3 out of 5 stars,107
330,13,Tez Johnson,TB,WR114,10,-,-,4 out of 5 stars,200
331,13,Dallas Cowboys,DAL,DST22,14,-,-,1 out of 5 stars,-138
332,13,Joe Mixon,FA,RB100,-,-,-,-,-28
333,13,Tyler Higbee,LAR,TE42,11,-,-,4 out of 5 stars,-7
334,13,Konata Mumpfield,LAR,WR115,11,-,-,1 out of 5 stars,81
335,13,Cedric Tillman,CLE,WR116,11,-,-,3 out of 5 stars,220
336,13,Chris Brazzell II,CAR,WR117,5,-,-,2 out of 5 stars,238
337,13,Jalen Royals,KC,WR118,5,-,-,2 out of 5 stars,265
338,13,Max Klare,LAR,TE43,11,-,-,4 out of 5 stars,50
339,13,Luke McCaffrey,WAS,WR119,7,-,-,2 out of 5 stars,-14
340,13,Calvin Austin III,NYG,WR120,8,-,-,4 out of 5 stars,124
341,13,DeMario Douglas,NE,WR121,11,-,-,2 out of 5 stars,129
342,13,Cole Kmet,CHI,TE44,10,-,-,2 out of 5 stars,-51
343,13,Bryce Lance,NO,WR122,8,-,-,3 out of 5 stars,182
344,13,Mac Jones,SF,QB38,8,-,-,1 out of 5 stars,-28
345,13,Eli Heidenreich,PIT,RB101,9,-,-,2 out of 5 stars,149
346,13,Darren Waller,CAR,TE45,5,-,-,2 out of 5 stars,80
347,13,Erick All Jr.,CIN,TE46,6,-,-,3 out of 5 stars,247
348,13,Ja'Tavion Sanders,CAR,TE47,5,-,-,2 out of 5 stars,19
349,13,Olamide Zaccheaus,ATL,WR123,11,-,-,3 out of 5 stars,159
350,13,Noah Gray,KC,TE48,5,-,-,4 out of 5 stars,3
351,13,Brenen Thompson,LAC,WR124,7,-,-,2 out of 5 stars,108
352,13,Dawson Knox,BUF,TE49,7,-,-,3 out of 5 stars,-34
353,13,Carolina Panthers,CAR,DST23,5,-,-,3 out of 5 stars,-92
354,13,Justin Fields,KC,QB39,5,-,-,2 out of 5 stars,-42
355,14,New York Giants,NYG,DST24,8,-,-,1 out of 5 stars,-129
356,14,Eli Raridon,NE,TE50,11,-,-,4 out of 5 stars,61
357,14,Bam Knight,ARI,RB102,14,-,-,2 out of 5 stars,-
358,14,Joshua Palmer,BUF,WR125,7,-,-,4 out of 5 stars,-26
359,14,Jake Elliott,PHI,K19,10,-,-,5 out of 5 stars,-130
360,14,Ty Simpson,LAR,QB40,11,-,-,3 out of 5 stars,-76
361,14,Justin Joly,DEN,TE51,10,-,-,4 out of 5 stars,139
362,14,Treylon Burks,WAS,WR126,7,-,-,2 out of 5 stars,188
363,14,Tampa Bay Buccaneers,TB,DST25,10,-,-,4 out of 5 stars,-114
364,14,Raheim Sanders,CLE,RB103,11,-,-,3 out of 5 stars,185
365,14,Kendrick Bourne,ARI,WR127,14,-,-,2 out of 5 stars,203
366,14,Charlie Kolar,LAC,TE52,7,-,-,4 out of 5 stars,-
367,14,Tyler Bass,BUF,K20,7,-,-,2 out of 5 stars,-116
368,14,Michael Carter,TEN,RB104,9,-,-,3 out of 5 stars,-
369,14,Zane Gonzalez,MIA,K21,6,-,-,2 out of 5 stars,22
370,14,Noah Fant,NO,TE53,8,-,-,2 out of 5 stars,40
371,14,Kevin Coleman Jr.,MIA,WR128,6,-,-,3 out of 5 stars,152
372,14,Savion Williams,GB,WR129,11,-,-,5 out of 5 stars,-
373,14,Phil Mafah,DAL,RB105,14,-,-,4 out of 5 stars,-
374,14,Anthony Richardson Sr.,IND,QB41,13,-,-,4 out of 5 stars,140
375,14,Jaylin Lane,WAS,WR130,7,-,-,2 out of 5 stars,184
376,14,Tutu Atwell,MIA,WR131,6,-,-,3 out of 5 stars,121
377,14,Jawhar Jordan,HOU,RB106,8,-,-,4 out of 5 stars,105
378,14,John Metchie III,CAR,WR132,5,-,-,2 out of 5 stars,68
379,14,Trey Smack,GB,K22,11,-,-,4 out of 5 stars,-119
380,14,Dont'e Thornton Jr.,LV,WR133,13,-,-,2 out of 5 stars,177
381,14,Cincinnati Bengals,CIN,DST26,6,-,-,4 out of 5 stars,-112
382,14,Nick Chubb,FA,RB107,-,-,-,-,-11
383,14,Joe Flacco,CIN,QB42,6,-,-,3 out of 5 stars,-73
384,14,Malik Benson,LV,WR134,13,-,-,2 out of 5 stars,212
385,14,Tennessee Titans,TEN,DST27,9,-,-,2 out of 5 stars,-129
386,14,Nick Folk,ATL,K23,11,-,-,0 out of 5 stars,-108
387,14,Blake Grupe,IND,K24,13,-,-,4 out of 5 stars,-89
388,14,J'Mari Taylor,JAC,RB108,7,-,-,4 out of 5 stars,-
389,14,Xavier Hutchinson,HOU,WR135,8,-,-,3 out of 5 stars,173
390,14,KaVontae Turpin,DAL,WR136,14,-,-,2 out of 5 stars,-36
391,14,Zavion Thomas,CHI,WR137,10,-,-,3 out of 5 stars,1
392,14,Nick Westbrook-Ikhine,IND,WR138,13,-,-,4 out of 5 stars,140
393,14,Kalif Raymond,CHI,WR139,10,-,-,3 out of 5 stars,-18
394,14,CJ Daniels,LAR,WR140,11,-,-,1 out of 5 stars,152
395,14,Luke Musgrave,GB,TE54,11,-,-,2 out of 5 stars,-36
396,14,Mitchell Evans,CAR,TE55,5,-,-,2 out of 5 stars,248
397,14,Roman Wilson,PIT,WR141,9,-,-,3 out of 5 stars,-21
398,14,Ben Sinnott,WAS,TE56,7,-,-,1 out of 5 stars,-
399,14,Tommy Tremble,CAR,TE57,5,-,-,2 out of 5 stars,54
400,14,Jameis Winston,NYG,QB43,8,-,-,4 out of 5 stars,-79
401,14,Jordan Whittington,LAR,WR142,11,-,-,1 out of 5 stars,-24
402,14,Las Vegas Raiders,LV,DST28,13,-,-,4 out of 5 stars,-130
403,14,Miami Dolphins,MIA,DST29,6,-,-,3 out of 5 stars,-94
404,14,Daniel Carlson,LV,K25,13,-,-,1 out of 5 stars,40
405,14,Austin Ekeler,FA,RB109,-,-,-,-,173
406,14,Marcus Mariota,WAS,QB44,7,-,-,2 out of 5 stars,57
407,14,Brandon McManus,FA,K26,-,-,-,-,-43
408,14,Ashton Dulin,IND,WR143,13,-,-,4 out of 5 stars,-
409,14,Kyle Juszczyk,SF,RB110,8,-,-,2 out of 5 stars,-44
410,14,Sione Vaki,DET,RB111,6,-,-,5 out of 5 stars,228
411,14,Devontez Walker,BAL,WR144,13,-,-,4 out of 5 stars,-64
412,14,Joey Slye,TEN,K27,9,-,-,4 out of 5 stars,-66
413,14,Ben Sauls,NYG,K28,8,-,-,2 out of 5 stars,-86
414,14,Dameon Pierce,PHI,RB112,10,-,-,4 out of 5 stars,-
415,14,Jake Moody,WAS,K29,7,-,-,5 out of 5 stars,-86
416,14,Cade Klubnik,NYJ,QB45,13,-,-,4 out of 5 stars,7
417,14,Deion Burks,IND,WR145,13,-,-,4 out of 5 stars,-
418,14,Washington Commanders,WAS,DST30,7,-,-,2 out of 5 stars,-138
419,14,New York Jets,NYJ,DST31,13,-,-,4 out of 5 stars,-104
420,14,Jam Miller,NE,RB113,11,-,-,2 out of 5 stars,229
421,14,Ryan Fitzgerald,CAR,K30,5,-,-,0 out of 5 stars,-86
422,14,Chad Ryland,ARI,K31,14,-,-,2 out of 5 stars,-72
423,14,Roschon Johnson,CHI,RB114,10,-,-,2 out of 5 stars,147
424,14,Rasheen Ali,BAL,RB115,13,-,-,3 out of 5 stars,-
425,15,John Bates,WAS,TE58,7,-,-,1 out of 5 stars,-
426,15,Daniel Bellinger,TEN,TE59,9,-,-,3 out of 5 stars,119
427,15,Jonnu Smith,FA,TE60,-,-,-,-,-
428,15,Joe Milton III,DAL,QB46,14,-,-,2 out of 5 stars,-42
429,15,Damien Martinez,GB,RB116,11,-,-,4 out of 5 stars,-
430,15,Spencer Shrader,IND,K32,13,-,-,4 out of 5 stars,-86
431,15,Odell Beckham Jr.,NYG,WR146,8,-,-,4 out of 5 stars,-107
432,15,Xavier Restrepo,TEN,WR147,9,-,-,3 out of 5 stars,-
433,15,Dyami Brown,WAS,WR148,7,-,-,2 out of 5 stars,-
434,15,Greg Dortch,DET,WR149,6,-,-,4 out of 5 stars,69
435,15,DeAndre Hopkins,BAL,WR150,13,-,-,4 out of 5 stars,144
436,15,Colbie Young,CIN,WR151,6,-,-,4 out of 5 stars,21
437,15,Jeremy McNichols,WAS,RB117,7,-,-,4 out of 5 stars,-
438,15,Austin Hooper,ATL,TE61,11,-,-,3 out of 5 stars,75
439,15,Zach Ertz,FA,TE62,-,-,-,-,142
440,15,Ty Chandler,NO,RB118,8,-,-,3 out of 5 stars,-
441,15,Demarcus Robinson,SF,WR152,8,-,-,2 out of 5 stars,106
442,15,Terrell Jennings,FA,RB119,-,-,-,-,198
443,15,Tyler Lockett,LV,WR153,13,-,-,2 out of 5 stars,-
444,15,Brandin Cooks,FA,WR154,-,-,-,-,-
445,15,Khalil Herbert,SF,RB120,8,-,-,2 out of 5 stars,-
446,15,Zavier Scott,MIN,RB121,6,-,-,4 out of 5 stars,199
447,15,Hunter Luepke,DAL,RB122,14,-,-,4 out of 5 stars,81
448,15,Jahdae Walker,CHI,WR155,10,-,-,3 out of 5 stars,-69
449,15,Tanner Koziol,JAC,TE63,7,-,-,3 out of 5 stars,75
450,15,Tommy Myers,FA,TE64,-,-,-,-,-
451,15,Tyler Goodson,ATL,RB123,11,-,-,2 out of 5 stars,-
452,15,Jalen Milroe,SEA,QB47,11,-,-,4 out of 5 stars,121
453,15,Dylan Laube,LV,RB124,13,-,-,2 out of 5 stars,-
454,15,Tai Felton,MIN,WR156,6,-,-,5 out of 5 stars,97
455,15,Elijah Moore,PHI,WR157,10,-,-,4 out of 5 stars,-
456,15,Antonio Gibson,FA,RB125,-,-,-,-,205
457,15,Riley Leonard,IND,QB48,13,-,-,4 out of 5 stars,14
458,15,Xavier Smith,LAR,WR158,11,-,-,1 out of 5 stars,81
459,15,Reggie Virgil,ARI,WR159,14,-,-,2 out of 5 stars,153
460,15,Robert Henry Jr.,WAS,RB126,7,-,-,4 out of 5 stars,-
461,15,Arizona Cardinals,ARI,DST32,14,-,-,2 out of 5 stars,-158
462,15,Diontae Johnson,FA,WR160,-,-,-,-,-
463,15,Elijah Higgins,ARI,TE65,14,-,-,2 out of 5 stars,-97
464,15,Theo Wease Jr.,MIA,WR161,6,-,-,3 out of 5 stars,-
465,15,Miles Sanders,FA,RB127,-,-,-,-,-
466,15,Van Jefferson,WAS,WR162,7,-,-,2 out of 5 stars,20
467,15,Raheem Mostert,LV,RB128,13,-,-,2 out of 5 stars,-
468,15,Jermaine Burton,FA,WR163,-,-,-,-,-
469,15,Will Kacmarek,MIA,TE66,6,-,-,5 out of 5 stars,74
470,15,Elijah Mitchell,FA,RB129,-,-,-,-,-
471,15,Mo Alie-Cox,IND,TE67,13,-,-,3 out of 5 stars,-42
472,15,Reggie Gilliam,NE,RB130,11,-,-,2 out of 5 stars,141
473,15,Josh Oliver,MIN,TE68,6,-,-,4 out of 5 stars,-66
474,15,Adam Trautman,DEN,TE69,10,-,-,4 out of 5 stars,-62
475,15,Cash Jones,ATL,RB131,11,-,-,2 out of 5 stars,-
476,15,Marquez Valdes-Scantling,DAL,WR164,14,-,-,2 out of 5 stars,7
477,15,Quinn Ewers,MIA,QB49,6,-,-,3 out of 5 stars,-95
478,15,Mitch Tinsley,CIN,WR165,6,-,-,4 out of 5 stars,63
479,15,Tim Patrick,NYJ,WR166,13,-,-,4 out of 5 stars,-48
480,15,Michael Woods II,DEN,WR167,10,-,-,2 out of 5 stars,-
481,15,Marlin Klein,HOU,TE70,8,-,-,4 out of 5 stars,71
482,15,Jimmy Horn Jr.,CAR,WR168,5,-,-,2 out of 5 stars,-20
483,15,Frank Gore Jr.,BUF,RB132,7,-,-,2 out of 5 stars,6
484,15,Noah Whittington,HOU,RB133,8,-,-,4 out of 5 stars,-
485,15,Max Bredeson,MIN,RB134,6,-,-,4 out of 5 stars,120
486,15,Zamir White,SF,RB135,8,-,-,2 out of 5 stars,-
487,15,Jackson Hawes,BUF,TE71,7,-,-,3 out of 5 stars,35
488,15,Nate Boerkircher,JAC,TE72,7,-,-,3 out of 5 stars,-
489,15,Gabe Davis,FA,WR169,-,-,-,-,-
490,15,Sincere McCormick,SF,RB136,8,-,-,2 out of 5 stars,-
491,15,JuJu Smith-Schuster,NYG,WR170,8,-,-,4 out of 5 stars,-136
492,15,Gardner Minshew II,ARI,QB50,14,-,-,2 out of 5 stars,64
493,16,Mason Rudolph,PIT,QB51,9,-,-,2 out of 5 stars,68
494,16,Matt Hibner,BAL,TE73,13,-,-,4 out of 5 stars,-
495,16,David Sills V,TB,WR171,10,-,-,4 out of 5 stars,-
496,16,Cam Akers,FA,RB137,-,-,-,-,163
497,16,Miles Davis,CAR,RB138,5,-,-,1 out of 5 stars,-
498,16,Donovan Edwards,MIA,RB139,6,-,-,3 out of 5 stars,-
499,16,Ronnie Rivers,LAR,RB140,11,-,-,5 out of 5 stars,135
500,16,Taysom Hill,FA,TE74,-,-,-,-,-60
501,16,Gus Edwards,FA,RB141,-,-,-,-,-
502,16,Trey Lance,LAC,QB52,7,-,-,2 out of 5 stars,-72
503,16,Tyrod Taylor,GB,QB53,11,-,-,4 out of 5 stars,-116
504,16,Juice Wells Jr.,ATL,WR172,11,-,-,3 out of 5 stars,-
505,16,Lil'Jordan Humphrey,DEN,WR173,10,-,-,2 out of 5 stars,-160
506,16,Dean Connors,LAR,RB142,11,-,-,5 out of 5 stars,-26
507,16,Luke Schoonmaker,DAL,TE75,14,-,-,2 out of 5 stars,-150
508,16,Drew Sample,CIN,TE76,6,-,-,3 out of 5 stars,90
509,16,Myles Montgomery,FA,RB143,-,-,-,-,-
510,16,Jaydn Ott,KC,RB144,5,-,-,3 out of 5 stars,-
511,16,Jason Sanders,NYJ,K33,13,-,-,2 out of 5 stars,-171
512,16,Jacob Cowing,SF,WR174,8,-,-,2 out of 5 stars,-
513,16,Michael Trigg,DAL,TE77,14,-,-,2 out of 5 stars,-119