"Player","Team","REC","YDS","TDS","FL","FPTS"
" ","",""
"Trey McBride","ARI","109.0","1051.6","6.8","0.2","254.4"
"Brock Bowers","LV","96.5","1026.3","7.5","0.2","243.9"
"Colston Loveland","CHI","78.7","929.6","6.7","0.2","211.3"
"Tyler Warren","IND","83.0","873.0","5.4","0.3","202.3"
"Kyle Pitts Sr.","ATL","79.5","881.3","4.7","0.1","195.7"
"Harold Fannin Jr.","CLE","78.7","815.8","5.4","0.8","191.0"
"Sam LaPorta","DET","70.4","814.0","5.5","0.2","184.2"
"Travis Kelce","KC","74.9","785.2","4.8","0.3","181.9"
"Dallas Goedert","PHI","65.5","689.4","7.6","0.2","179.5"
"Tucker Kraft","GB","61.5","786.4","6.5","0.2","178.5"
"George Kittle","SF","66.3","753.4","5.7","0.2","175.7"
"Jake Ferguson","DAL","74.1","606.7","5.9","1.4","167.6"
"Isaiah Likely","NYG","62.8","745.5","5.0","1.3","165.0"
"Mark Andrews","BAL","59.0","612.7","7.4","0.3","163.9"
"Dalton Kincaid","BUF","57.1","707.0","5.5","0.2","160.2"
"Juwan Johnson","NO","64.8","727.6","3.2","1.3","154.4"
"Brenton Strange","JAC","60.0","661.3","4.3","0.2","151.7"
"Hunter Henry","NE","55.6","645.1","5.1","0.1","150.3"
"Dalton Schultz","HOU","65.8","628.5","3.4","0.2","148.5"
"T.J. Hockenson","MIN","63.9","574.5","3.3","0.2","140.6"
"Pat Freiermuth","PIT","53.0","560.1","4.3","0.2","134.1"
"Greg Dulcich","MIA","54.6","620.0","3.2","1.2","133.5"
"Cade Otton","TB","55.2","558.0","3.1","0.1","129.3"
"Kenyon Sadiq","NYJ","49.7","546.8","4.1","0.7","127.3"
"Chig Okonkwo","WAS","52.8","570.0","2.8","0.1","126.2"
"AJ Barner","SEA","48.6","469.9","4.9","0.2","124.4"
"Terrance Ferguson","LAR","37.3","516.8","4.8","0.2","117.4"
"Evan Engram","DEN","53.4","475.1","2.7","0.1","117.0"
"Gunnar Helm","TEN","48.9","444.1","3.1","0.2","111.5"
"Oronde Gadsden II","LAC","40.4","509.1","3.2","0.6","109.1"
"Mike Gesicki","CIN","41.3","434.1","3.6","0.1","106.0"
"Darren Waller","CAR","37.4","392.6","4.3","0.1","102.5"
"Mason Taylor","NYJ","45.8","403.8","2.4","0.1","100.7"
"David Njoku","LAC","38.3","363.1","4.3","0.1","100.0"
"Colby Parkinson","LAR","34.3","352.5","4.0","0.6","92.5"
"Michael Mayer","LV","40.0","377.8","2.1","0.1","90.1"
"Dawson Knox","BUF","28.6","331.6","2.9","0.1","79.2"
"Theo Johnson","NYG","27.5","313.8","2.9","0.1","75.9"
"Darnell Washington","PIT","30.7","329.3","2.0","0.6","74.1"
"Tyler Higbee","LAR","26.1","306.5","2.4","0.0","71.2"
"Erick All Jr.","CIN","30.4","268.4","1.9","0.1","68.7"
"Cole Kmet","CHI","26.2","274.4","2.2","0.1","66.9"
"Noah Fant","NO","29.3","273.6","1.6","1.6","63.1"
"Will Kacmarek","MIA","26.6","251.0","1.9","0.6","61.8"
"Austin Hooper","ATL","22.5","236.4","1.6","0.1","55.7"
"Charlie Kolar","LAC","20.2","230.2","2.0","0.1","55.4"
"Josh Oliver","MIN","18.6","194.3","2.4","0.1","52.1"
"Daniel Bellinger","TEN","19.3","222.2","1.7","0.0","51.9"
"Brock Wright","DET","19.9","175.6","2.3","0.0","51.2"
"Noah Gray","KC","21.0","211.6","1.5","0.1","50.9"
"Eli Stowers","PHI","20.9","214.5","1.4","0.6","49.6"
"Tommy Tremble","CAR","20.7","188.8","1.6","0.1","49.3"
"Elijah Arroyo","SEA","19.0","198.7","1.6","0.1","48.2"
"Adam Trautman","DEN","19.3","197.1","1.5","0.0","47.9"
"Luke Musgrave","GB","20.5","200.5","1.1","0.0","47.2"
"Ja'Tavion Sanders","CAR","21.5","190.1","1.0","0.1","46.6"
"Eli Raridon","NE","18.8","192.7","1.5","0.6","46.2"
"Elijah Higgins","ARI","22.0","196.1","0.8","0.6","45.5"
"Ben Sims","MIA","19.5","184.6","1.2","0.0","44.9"
"Marlin Klein","HOU","19.5","192.6","1.1","0.5","44.4"
"Davis Allen","LAR","16.9","157.3","1.9","0.0","43.8"
"John Bates","WAS","17.1","170.0","1.6","0.6","42.4"
"Jeremy Ruckert","NYJ","19.7","146.8","1.3","0.0","41.9"
"Jake Tonges","SF","16.7","167.2","1.3","0.0","41.5"
"Nate Boerkircher","JAC","14.9","156.8","1.3","0.5","37.2"
"Connor Heyward","LV","14.0","103.0","2.0","0.0","36.3"
"Drew Sample","CIN","15.1","123.0","1.1","0.1","33.8"
"Cade Stover","HOU","15.2","128.1","0.9","0.1","33.1"
"Nate Adkins","DEN","11.9","88.3","1.8","0.0","31.7"
"Nick Vannett","SEA","10.0","96.0","2.0","0.0","31.6"
"Jack Endries","CIN","13.0","123.0","1.0","0.0","31.3"
"Luke Schoonmaker","DAL","13.2","121.6","0.9","0.0","31.0"
"Ben Sinnott","WAS","11.1","114.4","1.4","0.0","30.9"
"Zack Kuntz","DAL","12.0","128.0","1.0","0.0","30.8"
"Charlie Woerner","ATL","14.5","127.4","0.6","0.0","30.7"
"Jackson Hawes","BUF","10.5","115.0","1.4","0.0","30.6"
"Hayden Rucci","SF","12.0","118.0","1.0","0.0","29.8"
"Will Mallory","IND","11.0","126.0","1.0","0.0","29.6"
"Tanner Hudson","CIN","13.0","110.1","0.9","0.1","29.2"
"Cam Grandy","CIN","13.0","100.0","1.0","0.0","29.0"
"Teagan Quitoriano","ARI","12.0","109.0","1.0","0.0","28.9"
"Grant Calcaterra","PHI","11.0","115.5","1.0","0.0","28.6"
"Dallen Bentley","DEN","12.0","104.0","1.0","0.0","28.4"
"Bauer Sharp","TB","11.0","113.0","1.0","0.0","28.3"
"Foster Moreau","HOU","9.3","105.6","1.3","0.0","27.6"
"Tanner Conner","NYG","10.0","113.0","1.0","0.0","27.3"
"Mo Alie-Cox","IND","10.8","110.9","0.9","0.1","27.0"
"Jaheim Bell","PIT","10.0","98.0","1.0","0.0","25.8"
"Durham Smythe","BAL","9.8","94.0","0.7","0.1","23.5"
"Mitchell Evans","CAR","8.0","71.0","1.0","0.0","21.1"
"Joe Royer","CLE","8.8","81.6","0.7","0.0","20.9"
"Max Klare","LAR","7.5","82.6","0.7","0.0","19.8"
"Justin Joly","DEN","8.0","70.9","0.7","0.0","19.0"
"Brevyn Spann-Ford","DAL","7.4","70.9","0.7","0.0","18.5"
"Payne Durham","TB","7.2","70.7","0.6","0.1","18.0"
"Sam Roush","CHI","6.8","72.9","0.6","0.0","17.9"
"Oscar Delp","NO","7.8","73.3","0.5","0.1","17.9"
"Tip Reiman","ARI","7.9","62.2","0.6","0.0","17.7"
"Devin Culp","TB","5.5","59.0","1.0","0.0","17.4"
"Ian Thomas","LV","6.9","62.0","0.6","0.0","16.5"
"Hunter Long","JAC","5.0","45.0","1.0","0.0","15.5"
"Luke Farrell","SF","4.2","40.7","0.3","0.0","9.9"
"Tanner Koziol","JAC","3.9","36.6","0.3","0.0","9.2"
"CJ Dippre","NE","3.9","37.3","0.3","0.0","9.2"
"Ko Kieft","TB","3.7","36.1","0.3","0.0","9.1"
"Tyler Conklin","DET","3.7","38.0","0.3","0.0","8.9"
"Drew Ogletree","IND","3.7","35.3","0.3","0.0","8.7"
"Eric Saubert","SEA","3.4","34.4","0.3","0.0","8.6"
"Josh Cuevas","BAL","3.3","35.8","0.3","0.0","8.6"
"Josh Whyle","GB","3.6","33.0","0.3","0.0","8.6"
"Johnny Mundt","PHI","3.5","35.4","0.2","0.0","8.2"
"Jack Stoll","CLE","3.6","30.3","0.2","0.0","7.5"
"Chris Manhertz","NYG","1.8","16.3","0.1","0.0","4.2"
"Quintin Morris","JAC","0.0","0.0","0.0","0.0","0.0"
"Cole Turner","MIA","0.0","0.0","0.0","0.0","0.0"
"Jelani Woods","NYJ","0.0","0.0","0.0","0.0","0.0"
"Lucas Krull","DEN","0.0","0.0","0.0","0.0","0.0"
"Blake Whiteheart","CLE","0.0","0.0","0.0","0.0","0.0"
"Julian Hill","NE","0.0","0.0","0.0","0.0","0.0"
""
""