"Player","Team","POS","ATT","YDS","TDS","REC","YDS","TDS","FL","FPTS"
" "," ","","",""
"Jahmyr Gibbs","DET","RB1","274.7","1383.0","13.8","70.9","581.1","4.1","1.1","372.8"
"Bijan Robinson","ATL","RB2","289.6","1426.4","9.5","79.6","736.7","3.8","1.8","372.0"
"Puka Nacua","LAR","WR1","13.6","85.0","1.4","117.0","1539.0","9.0","1.0","339.8"
"Ja'Marr Chase","CIN","WR2","3.0","17.0","0.0","121.0","1510.3","10.6","1.0","335.7"
"Christian McCaffrey","SF","RB3","269.4","1093.6","8.7","78.4","694.0","4.6","1.1","334.8"
"Jaxon Smith-Njigba","SEA","WR3","5.5","30.4","0.1","110.9","1569.7","9.2","1.1","324.2"
"Amon-Ra St. Brown","DET","WR4","3.1","11.8","0.0","117.4","1391.1","10.8","0.4","321.9"
"Jonathan Taylor","IND","RB4","327.1","1508.1","12.9","45.1","339.1","1.5","1.7","312.4"
"De'Von Achane","MIA","RB5","238.2","1198.5","6.0","65.2","490.7","4.0","1.0","292.0"
"Drake London","ATL","WR5","0.0","0.0","0.0","101.7","1328.7","9.1","1.0","287.2"
"Chase Brown","CIN","RB6","239.4","1040.1","7.8","63.7","427.3","4.0","1.1","278.7"
"Ashton Jeanty","LV","RB7","281.7","1107.8","8.0","58.7","414.4","3.3","1.1","276.9"
"Rashee Rice","KC","WR6","5.4","25.5","0.9","99.1","1100.3","9.7","0.6","273.8"
"CeeDee Lamb","DAL","WR7","2.4","12.5","0.0","97.6","1296.6","7.5","0.3","273.2"
"Derrick Henry","BAL","RB8","314.0","1568.4","13.4","17.8","173.4","0.7","1.7","273.1"
"Justin Jefferson","MIN","WR8","1.3","5.5","0.0","98.6","1311.6","7.1","0.3","272.5"
"James Cook III","BUF","RB9","287.6","1403.9","10.3","33.3","283.6","1.9","2.4","270.4"
"Saquon Barkley","PHI","RB10","295.9","1299.3","8.2","41.7","330.5","2.1","1.0","264.7"
"Chris Olave","NO","WR9","0.3","0.0","0.0","94.5","1171.4","7.8","0.3","257.8"
"Kenneth Walker III","KC","RB11","262.4","1189.8","8.7","45.8","352.8","1.2","0.9","257.6"
"Jeremiyah Love","ARI","RB12","238.3","1074.4","7.2","54.4","419.6","2.1","2.2","255.3"
"A.J. Brown","NE","WR10","0.0","0.0","0.0","87.7","1221.6","7.6","0.3","255.1"
"Trey McBride","ARI","TE1","0.0","0.0","0.0","109.0","1051.6","6.8","0.2","254.4"
"Omarion Hampton","LAC","RB13","243.6","1034.2","9.4","50.2","342.6","1.9","1.0","254.0"
"Breece Hall","NYJ","RB14","259.7","1160.0","6.5","47.4","413.2","2.3","1.7","253.9"
"George Pickens","DAL","WR11","0.3","-0.3","0.0","82.6","1201.3","8.4","0.5","252.2"
"Josh Jacobs","GB","RB15","274.0","1102.4","11.8","35.3","280.5","1.2","1.3","248.9"
"Nico Collins","HOU","WR12","1.4","8.3","0.4","82.5","1209.9","7.2","0.8","248.2"
"Zay Flowers","BAL","WR13","9.9","58.8","0.5","82.9","1179.1","6.5","1.5","245.6"
"Brock Bowers","LV","TE2","0.0","0.0","0.0","96.5","1026.3","7.5","0.2","243.9"
"Garrett Wilson","NYJ","WR14","1.1","4.3","0.0","96.3","1095.6","6.4","1.0","242.9"
"Cam Skattebo","NYG","RB16","243.4","1016.0","8.1","44.3","353.1","2.5","1.6","241.6"
"Kyren Williams","LAR","RB17","240.2","1118.1","10.1","33.8","239.6","2.2","1.5","240.1"
"Malik Nabers","NYG","WR15","2.8","8.3","0.1","80.0","1069.3","8.4","0.4","238.0"
"DeVonta Smith","PHI","WR16","0.0","0.0","0.0","87.9","1135.1","6.0","0.3","236.9"
"Javonte Williams","DAL","RB18","255.5","1157.4","10.4","33.0","192.1","1.2","1.6","234.3"
"Tetairoa McMillan","CAR","WR17","0.0","0.0","0.0","81.2","1144.9","6.6","0.9","233.7"
"Travis Etienne Jr.","NO","RB19","244.6","1036.7","5.4","44.9","351.7","3.0","1.0","232.0"
"Emeka Egbuka","TB","WR18","1.4","7.3","0.0","73.2","1098.8","7.5","0.3","228.4"
"Bucky Irving","TB","RB20","256.2","1020.9","6.1","39.9","336.8","2.3","1.0","223.9"
"D'Andre Swift","CHI","RB21","233.5","1056.8","8.1","35.1","304.2","1.0","1.0","223.9"
"Davante Adams","LAR","WR19","0.0","0.0","0.0","68.8","925.8","10.2","0.2","222.3"
"Tee Higgins","CIN","WR20","0.0","0.0","0.0","70.6","964.6","9.1","0.2","221.5"
"Ladd McConkey","LAC","WR21","0.0","0.0","0.0","79.2","1010.2","6.8","0.3","220.2"
"Jameson Williams","DET","WR22","7.3","42.0","0.5","64.4","1065.9","6.6","0.2","217.4"
"Quinshon Judkins","CLE","RB22","289.4","1104.5","8.1","31.3","218.6","0.6","0.9","213.8"
"Rome Odunze","CHI","WR23","0.3","1.3","0.0","64.1","993.5","8.1","0.3","211.9"
"Colston Loveland","CHI","TE3","0.0","0.0","0.0","78.7","929.6","6.7","0.2","211.3"
"Terry McLaurin","WAS","WR24","0.3","0.3","0.0","69.1","973.1","7.4","0.3","210.0"
"Jaylen Waddle","DEN","WR25","1.7","12.4","0.0","74.2","990.6","6.0","0.3","210.0"
"DJ Moore","BUF","WR26","10.3","54.0","0.5","69.4","905.3","7.0","0.8","208.5"
"Luther Burden III","CHI","WR27","7.7","38.2","0.1","72.7","975.6","5.7","0.3","208.4"
"Bhayshul Tuten","JAC","RB23","239.3","978.8","8.2","29.2","222.0","2.1","2.2","207.1"
"Alec Pierce","IND","WR28","0.0","0.0","0.0","63.1","1038.8","6.5","0.3","205.7"
"Mike Evans","SF","WR29","0.0","0.0","0.0","67.4","950.8","7.0","0.2","203.8"
"Tyler Warren","IND","TE4","0.0","0.0","0.0","83.0","873.0","5.4","0.3","202.3"
"Courtland Sutton","DEN","WR30","0.0","0.0","0.0","67.4","883.4","7.2","0.2","198.4"
"Marvin Harrison Jr.","ARI","WR31","0.0","0.0","0.0","67.3","945.5","6.0","0.3","197.3"
"Jaylen Warren","PIT","RB24","188.0","826.2","5.2","42.4","321.9","1.8","0.9","197.1"
"David Montgomery","HOU","RB25","231.5","959.3","7.7","30.8","228.9","0.5","1.5","195.8"
"Kyle Pitts Sr.","ATL","TE5","0.0","0.0","0.0","79.5","881.3","4.7","0.1","195.7"
"Christian Watson","GB","WR32","1.7","8.0","0.0","58.0","930.6","7.4","0.3","195.7"
"DK Metcalf","PIT","WR33","0.7","3.3","0.3","64.2","926.9","6.1","0.2","195.1"
"TreVeyon Henderson","NE","RB26","187.0","858.9","6.9","36.0","249.0","1.1","0.8","193.2"
"Harold Fannin Jr.","CLE","TE6","0.0","0.0","0.0","78.7","815.8","5.4","0.8","191.0"
"Michael Pittman Jr.","PIT","WR34","0.0","0.0","0.0","80.5","806.1","5.0","0.3","190.2"
"Tony Pollard","TEN","RB27","236.1","1032.6","5.8","31.9","208.0","0.5","2.1","189.5"
"Jadarian Price","SEA","RB28","215.5","913.2","7.6","26.0","220.5","1.1","2.0","187.7"
"Rhamondre Stevenson","NE","RB29","168.5","722.8","6.2","37.9","318.8","1.7","2.1","185.4"
"Parker Washington","JAC","WR35","5.0","13.6","0.1","62.6","862.6","5.7","0.4","184.2"
"Sam LaPorta","DET","TE7","0.0","0.0","0.0","70.4","814.0","5.5","0.2","184.2"
"Travis Kelce","KC","TE8","0.0","0.0","0.0","74.9","785.2","4.8","0.3","181.9"
"Brian Thomas Jr.","JAC","WR36","2.7","17.7","0.4","58.0","872.3","5.3","0.2","181.1"
"Wan'Dale Robinson","TEN","WR37","2.0","9.5","0.1","79.9","805.5","3.3","0.3","181.0"
"Rico Dowdle","PIT","RB30","199.9","869.1","5.8","31.7","222.2","1.0","1.0","180.1"
"Dallas Goedert","PHI","TE9","0.0","0.0","0.0","65.5","689.4","7.6","0.2","179.5"
"Jakobi Meyers","JAC","WR38","4.3","22.6","0.1","68.3","788.1","5.1","0.8","178.7"
"Tucker Kraft","GB","TE10","0.0","0.0","0.0","61.5","786.4","6.5","0.2","178.5"
"Chuba Hubbard","CAR","RB31","191.9","779.8","5.0","36.8","259.1","1.8","1.4","178.3"
"Carnell Tate","TEN","WR39","0.7","3.0","0.0","65.2","887.1","4.5","1.4","178.3"
"Josh Downs","IND","WR40","1.4","4.3","0.0","77.6","754.2","4.3","0.8","177.7"
"Michael Wilson","ARI","WR41","0.0","0.7","0.0","67.5","826.9","4.5","0.2","176.7"
"Jayden Reed","GB","WR42","12.0","87.0","0.1","63.1","758.3","4.8","0.4","176.5"
"Chris Godwin Jr.","TB","WR43","0.3","0.3","0.0","67.8","774.2","5.2","0.3","175.8"
"George Kittle","SF","TE11","0.0","0.0","0.0","66.3","753.4","5.7","0.2","175.7"
"J.K. Dobbins","DEN","RB32","218.2","1020.8","6.6","19.1","103.7","0.6","0.7","173.4"
"RJ Harvey","DEN","RB33","122.3","462.2","4.3","46.6","346.4","3.5","0.7","173.1"
"Jordyn Tyson","NO","WR44","0.7","3.3","0.0","63.2","857.9","4.3","1.3","172.5"
"Quentin Johnston","LAC","WR45","1.7","5.9","0.0","53.6","757.1","6.9","0.7","169.8"
"Jordan Addison","MIN","WR46","2.7","37.1","0.4","55.2","758.4","5.4","0.2","168.9"
"Deebo Samuel Sr.","SF","WR47","29.1","111.7","1.1","58.3","665.7","4.5","0.4","168.7"
"Kenny Gainwell","TB","RB34","113.6","498.5","3.9","49.7","352.2","2.0","0.9","168.3"
"Jake Ferguson","DAL","TE12","0.0","0.0","0.0","74.1","606.7","5.9","1.4","167.6"
"Xavier Worthy","KC","WR48","15.5","99.3","0.9","55.2","722.3","4.2","0.2","167.3"
"Stefon Diggs","WAS","WR49","0.3","0.7","0.0","67.1","748.0","4.2","0.2","166.4"
"Matthew Golden","GB","WR50","8.2","40.9","0.1","56.9","787.5","4.4","0.4","165.6"
"Isaiah Likely","NYG","TE13","0.0","0.0","0.0","62.8","745.5","5.0","1.3","165.0"
"Khalil Shakir","BUF","WR51","1.1","5.5","0.0","69.7","726.2","3.9","0.8","164.9"
"Mark Andrews","BAL","TE14","0.0","0.0","0.0","59.0","612.7","7.4","0.3","163.9"
"Rachaad White","WAS","RB35","139.9","618.6","5.4","36.5","251.7","1.6","0.8","163.6"
"Aaron Jones Sr.","MIN","RB36","149.9","638.4","3.1","40.7","301.1","1.7","1.0","161.2"
"Dalton Kincaid","BUF","TE15","0.0","0.0","0.0","57.1","707.0","5.5","0.2","160.2"
"KC Concepcion","CLE","WR52","4.2","22.4","0.1","60.0","778.6","3.6","1.3","159.4"
"Jalen Coker","CAR","WR53","0.0","0.0","0.0","60.2","716.7","4.5","0.8","157.2"
"Rashid Shaheed","SEA","WR54","13.4","88.9","0.3","49.9","755.8","3.8","0.8","156.8"
"Kyle Monangai","CHI","RB37","191.3","819.9","5.2","22.9","195.4","0.4","0.7","156.5"
"Romeo Doubs","NE","WR55","0.0","0.0","0.0","55.2","712.2","5.1","0.3","156.4"
"Juwan Johnson","NO","TE16","0.0","0.0","0.0","64.8","727.6","3.2","1.3","154.4"
"Jonathon Brooks","CAR","RB38","179.0","732.9","4.8","27.6","211.0","1.1","1.5","154.2"
"Denzel Boston","CLE","WR56","1.0","5.0","0.0","58.4","756.5","3.5","1.3","152.8"
"Brenton Strange","JAC","TE17","0.0","0.0","0.0","60.0","661.3","4.3","0.2","151.7"
"De'Zhaun Stribling","SF","WR57","1.5","6.5","0.0","51.3","751.1","4.5","1.2","151.4"
"Makai Lemon","PHI","WR58","1.5","6.5","0.0","53.3","738.4","4.4","1.3","151.4"
"Hunter Henry","NE","TE18","0.0","0.0","0.0","55.6","645.1","5.1","0.1","150.3"
"Dalton Schultz","HOU","TE19","0.0","0.0","0.0","65.8","628.5","3.4","0.2","148.5"
"Calvin Ridley","TEN","WR59","4.5","27.5","0.6","46.7","762.5","3.2","0.2","148.0"
"Jayden Higgins","HOU","WR61","0.0","0.0","0.0","51.8","634.3","5.2","0.2","146.0"
"Jacory Croskey-Merritt","WAS","RB39","182.6","821.1","7.5","12.0","89.0","0.2","1.8","145.8"
"Jordan Mason","MIN","RB40","192.5","878.1","6.1","14.5","75.8","0.1","1.1","145.2"
"Jerry Jeudy","CLE","WR62","0.5","2.0","0.0","54.2","746.9","2.9","0.7","144.7"
"Tre Tucker","LV","WR63","11.2","52.9","0.2","50.1","635.1","3.8","0.1","142.2"
"Tank Dell","HOU","WR64","10.2","48.8","0.1","50.0","630.5","3.8","0.2","141.1"
"T.J. Hockenson","MIN","TE20","0.0","0.0","0.0","63.9","574.5","3.3","0.2","140.6"
"Blake Corum","LAR","RB41","167.7","801.5","6.4","11.9","80.4","0.2","0.7","138.6"
"Tyjae Spears","TEN","RB42","94.8","379.1","3.0","45.8","305.9","1.2","0.7","137.9"
"Jauan Jennings","MIN","WR65","0.0","0.0","0.0","48.7","558.2","5.2","0.7","134.1"
"Pat Freiermuth","PIT","TE21","0.0","0.0","0.0","53.0","560.1","4.3","0.2","134.1"
"Jalen McMillan","TB","WR66","4.7","26.8","0.1","46.7","607.6","3.9","0.2","134.0"
"Greg Dulcich","MIA","TE22","0.0","0.0","0.0","54.6","620.0","3.2","1.2","133.5"
"Rashod Bateman","BAL","WR67","0.0","0.0","0.0","38.3","590.0","6.0","0.2","132.9"
"Alvin Kamara","NO","RB43","127.9","492.2","2.8","35.1","243.3","1.3","0.8","131.4"
"Jalen Nailor","LV","WR68","2.0","8.5","0.0","43.6","590.7","4.5","0.2","130.4"
"Cade Otton","TB","TE23","0.0","0.0","0.0","55.2","558.0","3.1","0.1","129.3"
"Kenyon Sadiq","NYJ","TE24","0.0","0.0","0.0","49.7","546.8","4.1","0.7","127.3"
"Chig Okonkwo","WAS","TE25","0.0","0.0","0.0","52.8","570.0","2.8","0.1","126.2"
"Cooper Kupp","SEA","WR69","0.5","1.5","0.0","47.4","584.9","3.4","0.7","125.2"
"AJ Barner","SEA","TE26","0.0","0.0","0.0","48.6","469.9","4.9","0.2","124.4"
"Woody Marks","HOU","RB44","142.6","555.7","2.7","24.0","197.3","1.8","0.8","124.3"
"Ja'Kobi Lane","BAL","WR70","1.5","8.5","0.0","37.3","559.2","5.2","0.7","124.1"
"Zach Charbonnet","SEA","RB45","130.5","533.0","5.6","19.8","147.0","0.5","0.7","123.1"
"Tyrone Tracy Jr.","NYG","RB46","122.8","521.8","2.5","27.6","213.2","1.2","0.8","122.1"
"Terrance Ferguson","LAR","TE27","0.0","0.0","0.0","37.3","516.8","4.8","0.2","117.4"
"Evan Engram","DEN","TE28","0.0","0.0","0.0","53.4","475.1","2.7","0.1","117.0"
"Isiah Pacheco","DET","RB47","139.2","582.4","3.5","21.1","136.4","0.6","0.8","116.1"
"Adonai Mitchell","NYJ","WR71","2.1","5.1","0.1","39.7","549.1","3.3","0.7","113.8"
"Malik Washington","MIA","WR72","13.4","80.7","0.7","45.7","415.0","2.4","0.8","112.2"
"Travis Hunter","JAC","WR73","2.0","10.8","0.1","41.6","496.1","3.3","0.4","111.6"
"Gunnar Helm","TEN","TE29","0.0","0.0","0.0","48.9","444.1","3.1","0.2","111.5"
"Justice Hill","BAL","RB48","56.4","273.6","2.2","32.2","279.8","1.8","0.2","111.2"
"Germie Bernard","PIT","WR74","2.1","10.8","0.0","41.2","507.9","2.9","0.7","109.1"
"Oronde Gadsden II","LAC","TE30","0.0","0.0","0.0","40.4","509.1","3.2","0.6","109.1"
"Kayshon Boutte","NE","WR75","0.0","0.0","0.0","33.2","501.4","4.3","0.1","109.1"
"Dontayvion Wicks","PHI","WR76","0.0","0.0","0.0","39.5","518.0","2.9","0.4","108.0"
"Dylan Sampson","CLE","RB49","73.5","254.2","1.3","35.9","284.9","2.1","1.2","107.9"
"Bub Means","NO","WR77","1.0","6.0","0.0","38.0","518.0","3.0","1.0","106.4"
"Mike Gesicki","CIN","TE31","0.0","0.0","0.0","41.3","434.1","3.6","0.1","106.0"
"Caleb Douglas","MIA","WR78","1.0","5.5","0.0","39.7","512.8","2.6","0.7","105.5"
"Antonio Williams","WAS","WR79","3.5","18.7","0.1","35.5","497.4","3.1","1.2","104.2"
"Devaughn Vele","NO","WR80","0.0","0.0","0.0","38.7","463.1","3.1","0.1","103.1"
"Darren Waller","CAR","TE32","0.0","0.0","0.0","37.4","392.6","4.3","0.1","102.5"
"Mason Taylor","NYJ","TE33","0.0","0.0","0.0","45.8","403.8","2.4","0.1","100.7"
"Darius Slayton","NYG","WR81","1.6","8.6","0.0","35.8","526.3","2.0","0.7","100.2"
"David Njoku","LAC","TE34","0.0","0.0","0.0","38.3","363.1","4.3","0.1","100.0"
"AJ Dillon","CAR","RB50","120.0","516.0","3.0","18.0","145.0","1.0","5.0","98.1"
"Troy Franklin","DEN","WR82","3.0","10.8","0.0","36.5","402.1","3.4","0.6","97.2"
"Ty Johnson","BUF","RB51","51.9","218.7","2.0","24.9","252.6","2.1","0.2","96.5"
"Samaje Perine","CIN","RB52","98.9","443.5","3.7","17.9","135.0","0.4","1.9","96.2"
"Chris Rodriguez Jr.","JAC","RB53","135.5","560.4","5.1","5.4","42.8","0.1","0.6","95.5"
"Tyler Allgeier","ARI","RB54","111.7","425.1","4.2","17.1","108.4","0.2","0.6","95.3"
"Tory Horton","SEA","WR83","0.5","3.0","0.0","30.3","401.5","4.2","0.6","94.5"
"Xavier Legette","CAR","WR84","2.1","10.8","0.1","35.9","417.8","2.6","0.4","93.9"
"Omar Cooper Jr.","NYJ","WR85","2.1","12.5","0.1","34.6","410.8","2.9","0.6","93.1"
"Brian Robinson Jr.","ATL","RB55","129.8","564.1","4.3","6.9","43.1","0.1","0.7","93.0"
"Tyquan Thornton","KC","WR86","0.0","0.0","0.0","25.4","466.8","3.5","0.1","92.7"
"Jahan Dotson","ATL","WR87","0.0","0.0","0.0","35.2","443.5","2.3","0.3","92.6"
"Colby Parkinson","LAR","TE35","0.0","0.0","0.0","34.3","352.5","4.0","0.6","92.5"
"Jordan James","SF","RB56","100.1","407.1","3.1","16.1","148.5","0.7","1.2","91.8"
"Michael Mayer","LV","TE36","0.0","0.0","0.0","40.0","377.8","2.1","0.1","90.1"
"Christian Kirk","SF","WR88","0.0","0.0","0.0","34.0","405.9","2.6","0.1","89.9"
"Tre' Harris","LAC","WR89","0.0","0.0","0.0","34.5","410.1","2.5","0.4","89.6"
"Ryan Flournoy","DAL","WR90","2.2","12.4","0.1","33.9","383.7","2.7","0.4","89.4"
"MarShawn Lloyd","GB","RB57","89.7","381.8","2.8","16.1","113.9","0.7","0.4","86.3"
"Jalen Tolbert","MIA","WR91","0.0","0.0","0.0","34.2","424.3","1.7","0.3","86.2"
"Braelon Allen","NYJ","RB58","97.3","391.8","4.0","12.9","94.2","0.7","1.7","86.1"
"Isaac TeSlaa","DET","WR92","0.0","0.0","0.0","25.4","352.4","4.1","0.1","85.1"
"Keaton Mitchell","LAC","RB59","95.6","432.3","2.2","15.5","114.4","0.4","0.7","84.3"
"Mike Washington Jr.","LV","RB60","101.3","381.0","2.6","15.7","127.5","0.6","1.2","83.7"
"Ashton Dulin","IND","WR93","5.1","46.2","0.1","25.8","423.4","1.7","0.1","83.0"
"Ted Hurst III","TB","WR94","1.0","6.5","0.0","28.9","390.5","2.6","0.6","82.8"
"Emari Demercado","KC","RB61","76.8","426.4","1.7","16.3","119.5","0.8","1.7","82.6"
"Tank Bigsby","PHI","RB62","104.6","511.1","4.2","3.8","31.8","0.1","0.7","82.2"
"Hollywood Brown","PHI","WR95","0.0","0.0","0.0","28.2","349.9","3.0","0.1","81.1"
"Zachariah Branch","ATL","WR96","0.0","0.0","0.0","31.4","381.9","1.9","0.3","80.4"
"Andrei Iosivas","CIN","WR97","2.5","11.1","0.0","27.7","352.2","2.6","0.1","79.5"
"Elic Ayomanor","TEN","WR98","0.0","0.0","0.0","25.4","342.7","3.3","0.0","79.4"
"Dawson Knox","BUF","TE37","0.0","0.0","0.0","28.6","331.6","2.9","0.1","79.2"
"Chimere Dike","TEN","WR99","10.1","33.6","0.3","27.8","271.5","3.4","0.6","79.1"
"Theo Johnson","NYG","TE38","0.0","0.0","0.0","27.5","313.8","2.9","0.1","75.9"
"Keon Coleman","BUF","WR100","0.0","0.0","0.0","24.4","337.6","2.8","0.2","74.6"
"Jaylin Noel","HOU","WR101","4.2","22.2","0.1","28.8","322.6","1.8","0.3","74.2"
"Darnell Washington","PIT","TE39","0.0","0.0","0.0","30.7","329.3","2.0","0.6","74.1"
"Kaelon Black","SF","RB63","93.7","369.8","3.0","8.5","79.2","0.6","1.1","72.9"
"Pat Bryant","DEN","WR102","0.0","0.0","0.0","28.4","320.1","2.1","0.3","72.4"
"Tyler Higbee","LAR","TE40","0.0","0.0","0.0","26.1","306.5","2.4","0.0","71.2"
"Joshua Palmer","BUF","WR103","0.0","0.0","0.0","25.9","342.7","1.6","0.1","69.8"
"Olamide Zaccheaus","ATL","WR104","1.5","9.5","0.0","30.1","277.2","1.8","0.1","69.5"
"Erick All Jr.","CIN","TE41","0.0","0.0","0.0","30.4","268.4","1.9","0.1","68.7"
"Cole Kmet","CHI","TE42","0.0","0.0","0.0","26.2","274.4","2.2","0.1","66.9"
"Marvin Mims Jr.","DEN","WR105","8.2","45.1","0.3","24.1","272.9","1.6","0.4","66.7"
"Adam Randall","BAL","RB64","55.1","281.1","2.0","10.3","105.9","1.1","0.6","66.2"
"Jack Bech","LV","WR106","0.0","0.0","0.0","27.6","314.5","1.2","0.3","65.7"
"Zavion Thomas","CHI","WR107","1.5","6.5","0.0","23.2","306.3","2.1","1.1","65.0"
"Xavier Hutchinson","HOU","WR108","2.1","14.2","0.0","23.2","279.5","1.9","0.1","63.9"
"Darnell Mooney","NYG","WR109","2.2","11.9","0.1","21.5","308.9","1.7","0.2","63.7"
"KaVontae Turpin","DAL","WR110","17.7","102.5","0.4","18.2","229.9","1.7","0.4","63.7"
"Chris Brooks","GB","RB65","72.7","324.3","1.3","13.4","93.3","0.2","0.6","63.2"
"Noah Fant","NO","TE43","0.0","0.0","0.0","29.3","273.6","1.6","1.6","63.1"
"Will Kacmarek","MIA","TE44","0.0","0.0","0.0","26.6","251.0","1.9","0.6","61.8"
"James Conner","ARI","RB66","42.5","153.5","1.5","18.0","131.5","1.0","0.0","61.5"
"DeMario Douglas","NE","WR111","4.1","21.4","0.2","22.8","270.8","1.5","0.3","61.3"
"Savion Williams","GB","WR112","9.0","47.0","0.3","20.5","231.1","1.7","0.3","59.9"
"Malachi Fields","NYG","WR113","0.0","0.0","0.0","23.0","279.8","1.6","0.2","59.8"
"Kimani Vidal","LAC","RB67","60.1","234.0","1.5","11.9","104.5","0.7","0.1","59.0"
"Calvin Austin III","NYG","WR114","0.0","0.0","0.0","19.6","262.2","2.2","0.0","58.8"
"Tutu Atwell","MIA","WR115","2.2","11.3","0.1","22.1","316.4","0.5","0.2","57.8"
"Jahdae Walker","CHI","WR116","0.5","3.5","0.0","17.6","234.8","2.7","0.0","57.4"
"Chris Bell","MIA","WR117","0.0","0.0","0.0","21.9","285.2","1.0","0.2","56.2"
"Austin Hooper","ATL","TE45","0.0","0.0","0.0","22.5","236.4","1.6","0.1","55.7"
"Charlie Kolar","LAC","TE46","0.0","0.0","0.0","20.2","230.2","2.0","0.1","55.4"
"Kyle Juszczyk","SF","RB68","4.2","10.3","0.1","23.7","209.0","1.5","0.1","54.8"
"Jaydon Blue","DAL","RB69","61.9","261.0","2.0","8.8","61.8","0.4","0.3","54.6"
"Cedric Tillman","CLE","WR118","0.0","-0.5","0.0","18.5","235.6","2.1","0.0","54.6"
"Demarcus Robinson","SF","WR119","0.5","2.5","0.0","17.6","253.0","1.7","0.0","53.1"
"Josh Oliver","MIN","TE47","0.0","0.0","0.0","18.6","194.3","2.4","0.1","52.1"
"Daniel Bellinger","TEN","TE48","0.0","0.0","0.0","19.3","222.2","1.7","0.0","51.9"
"Nick Westbrook-Ikhine","IND","WR120","0.0","0.0","0.0","18.6","229.5","1.7","0.2","51.4"
"Brock Wright","DET","TE49","0.0","0.0","0.0","19.9","175.6","2.3","0.0","51.2"
"Emanuel Wilson","SEA","RB70","70.2","290.0","1.7","7.7","52.1","0.0","0.5","51.2"
"Noah Gray","KC","TE50","0.0","0.0","0.0","21.0","211.6","1.5","0.1","50.9"
"Jaylen Wright","MIA","RB71","79.9","308.5","1.5","7.2","52.4","0.1","1.2","50.6"
"Kendrick Bourne","ARI","WR121","0.0","0.0","0.0","22.8","239.4","0.7","0.2","50.3"
"Jawhar Jordan","HOU","RB72","51.3","218.5","1.1","11.0","86.0","0.5","0.5","50.2"
"Luke McCaffrey","WAS","WR122","0.0","0.0","0.0","14.4","221.7","2.3","0.0","50.0"
"Eli Stowers","PHI","TE51","0.0","0.0","0.0","20.9","214.5","1.4","0.6","49.6"
"Tommy Tremble","CAR","TE52","0.0","0.0","0.0","20.7","188.8","1.6","0.1","49.3"
"Elijah Arroyo","SEA","TE53","0.0","0.0","0.0","19.0","198.7","1.6","0.1","48.2"
"Malik Benson","LV","WR123","0.0","0.0","0.0","19.4","244.1","0.8","0.2","48.1"
"Adam Trautman","DEN","TE54","0.0","0.0","0.0","19.3","197.1","1.5","0.0","47.9"
"Luke Musgrave","GB","TE55","0.0","0.0","0.0","20.5","200.5","1.1","0.0","47.2"
"Malik Davis","DAL","RB73","58.0","277.0","2.0","4.5","37.5","0.0","0.5","47.0"
"Dyami Brown","WAS","WR124","0.0","0.0","0.0","15.9","217.1","1.6","0.2","46.8"
"Ja'Tavion Sanders","CAR","TE56","0.0","0.0","0.0","21.5","190.1","1.0","0.1","46.6"
"Kalif Raymond","CHI","WR125","4.6","27.2","0.2","19.2","187.0","0.9","0.2","46.5"
"Eli Raridon","NE","TE57","0.0","0.0","0.0","18.8","192.7","1.5","0.6","46.2"
"Jonah Coleman","DEN","RB74","42.6","177.9","1.4","10.2","74.7","0.4","0.1","45.7"
"Elijah Higgins","ARI","TE58","0.0","0.0","0.0","22.0","196.1","0.8","0.6","45.5"
"Theo Wease Jr.","MIA","WR60","0.0","0.0","0.0","16.0","233.0","1.3","1.0","45.1"
"Ben Sims","MIA","TE59","0.0","0.0","0.0","19.5","184.6","1.2","0.0","44.9"
"Treylon Burks","WAS","WR126","0.0","0.0","0.0","15.1","217.9","1.4","0.1","44.8"
"Marlin Klein","HOU","TE60","0.0","0.0","0.0","19.5","192.6","1.1","0.5","44.4"
"Devontez Walker","BAL","WR127","0.0","0.0","0.0","14.5","208.7","1.5","0.2","43.8"
"LeQuint Allen Jr.","JAC","RB75","32.0","126.0","0.6","15.3","99.5","0.4","0.1","43.8"
"Davis Allen","LAR","TE61","0.0","0.0","0.0","16.9","157.3","1.9","0.0","43.8"
"Cyrus Allen","KC","WR128","0.0","0.0","0.0","16.2","202.8","1.3","0.2","43.7"
"Isaiah Davis","NYJ","RB76","35.1","174.6","1.2","9.9","78.7","0.2","0.1","43.4"
"Isaiah Williams","NYJ","WR129","2.2","12.7","0.1","18.8","185.8","0.7","0.2","43.1"
"John Bates","WAS","TE62","0.0","0.0","0.0","17.1","170.0","1.6","0.6","42.4"
"Jeremy Ruckert","NYJ","TE63","0.0","0.0","0.0","19.7","146.8","1.3","0.0","41.9"
"Jake Tonges","SF","TE64","0.0","0.0","0.0","16.7","167.2","1.3","0.0","41.5"
"Colbie Young","CIN","WR130","0.0","0.0","0.0","14.0","175.9","1.3","0.1","39.4"
"Ty Chandler","NO","RB77","51.0","138.0","1.0","12.0","58.0","0.0","0.0","37.6"
"Nate Boerkircher","JAC","TE65","0.0","0.0","0.0","14.9","156.8","1.3","0.5","37.2"
"DJ Giddens","IND","RB78","33.6","141.5","1.0","8.5","56.8","0.3","0.2","35.9"
"Ray Davis","BUF","RB79","32.3","137.8","1.1","7.8","59.9","0.4","0.2","35.8"
"Sean Tucker","TB","RB80","38.8","163.8","2.7","1.5","10.2","0.0","0.1","35.2"
"Frank Gore Jr.","BUF","RB81","37.0","174.0","2.0","3.0","26.0","0.0","0.0","35.0"
"Jaylin Lane","WAS","WR131","0.0","0.0","0.0","12.5","159.6","1.1","0.1","34.7"
"Ollie Gordon II","MIA","RB82","49.4","202.8","1.2","3.9","27.7","0.1","0.2","34.6"
"Emmett Johnson","KC","RB83","39.7","165.6","1.3","5.2","41.1","0.2","0.1","34.5"
"Roschon Johnson","CHI","RB84","34.0","117.0","3.0","3.0","18.0","0.0","0.0","34.5"
"Drew Sample","CIN","TE66","0.0","0.0","0.0","15.1","123.0","1.1","0.1","33.8"
"Kevin Coleman Jr.","MIA","WR132","0.0","0.0","0.0","13.8","174.6","0.4","0.1","33.7"
"Elijah Sarratt","BAL","WR133","0.0","0.0","0.0","11.1","165.8","1.0","0.1","33.5"
"Cade Stover","HOU","TE67","0.0","0.0","0.0","15.2","128.1","0.9","0.1","33.1"
"George Holani","SEA","RB85","36.9","141.6","1.3","6.0","46.1","0.1","0.1","33.0"
"Brashard Smith","KC","RB86","25.0","89.5","0.5","10.5","71.0","0.5","0.0","32.6"
"Nate Adkins","DEN","TE68","0.0","0.0","0.0","11.9","88.3","1.8","0.0","31.7"
"Nick Vannett","SEA","TE69","0.0","0.0","0.0","10.0","96.0","2.0","0.0","31.6"
"Jack Endries","CIN","TE70","0.0","0.0","0.0","13.0","123.0","1.0","0.0","31.3"
"Jordan Whittington","LAR","WR134","2.3","12.1","0.1","11.3","128.2","0.9","0.1","31.2"
"Luke Schoonmaker","DAL","TE71","0.0","0.0","0.0","13.2","121.6","0.9","0.0","31.0"
"Ben Sinnott","WAS","TE72","0.0","0.0","0.0","11.1","114.4","1.4","0.0","30.9"
"Zack Kuntz","DAL","TE73","0.0","0.0","0.0","12.0","128.0","1.0","0.0","30.8"
"Charlie Woerner","ATL","TE74","0.0","0.0","0.0","14.5","127.4","0.6","0.0","30.7"
"Jackson Hawes","BUF","TE75","0.0","0.0","0.0","10.5","115.0","1.4","0.0","30.6"
"Isaiah Bond","CLE","WR135","4.3","23.5","0.1","9.9","130.1","0.8","0.1","30.4"
"Hayden Rucci","SF","TE76","0.0","0.0","0.0","12.0","118.0","1.0","0.0","29.8"
"Will Mallory","IND","TE77","0.0","0.0","0.0","11.0","126.0","1.0","0.0","29.6"
"Tanner Hudson","CIN","TE78","0.0","0.0","0.0","13.0","110.1","0.9","0.1","29.2"
"Konata Mumpfield","LAR","WR136","0.0","0.0","0.0","9.9","126.7","1.1","0.1","29.2"
"Phil Mafah","DAL","RB87","31.5","131.6","1.4","4.1","32.0","0.1","0.1","29.2"
"Cam Grandy","CIN","TE79","0.0","0.0","0.0","13.0","100.0","1.0","0.0","29.0"
"Teagan Quitoriano","ARI","TE80","0.0","0.0","0.0","12.0","109.0","1.0","0.0","28.9"
"Roman Wilson","PIT","WR137","0.0","0.0","0.0","11.8","134.9","0.6","0.1","28.8"
"Grant Calcaterra","PHI","TE81","0.0","0.0","0.0","11.0","115.5","1.0","0.0","28.6"
"Dallen Bentley","DEN","TE82","0.0","0.0","0.0","12.0","104.0","1.0","0.0","28.4"
"Skyler Bell","BUF","WR138","0.0","0.0","0.0","10.1","136.4","0.8","0.1","28.3"
"Bauer Sharp","TB","TE83","0.0","0.0","0.0","11.0","113.0","1.0","0.0","28.3"
"Mack Hollins","NE","WR139","0.0","0.0","0.0","10.8","126.5","0.8","0.1","28.0"
"Will Shipley","PHI","RB88","9.3","39.6","0.3","11.3","83.5","0.4","0.1","27.6"
"Foster Moreau","HOU","TE84","0.0","0.0","0.0","9.3","105.6","1.3","0.0","27.6"
"Brenen Thompson","LAC","WR140","2.1","11.3","0.1","9.5","121.5","0.7","0.1","27.4"
"Tanner Conner","NYG","TE85","0.0","0.0","0.0","10.0","113.0","1.0","0.0","27.3"
"Jeremy McNichols","WAS","RB89","17.0","88.0","1.0","7.0","53.0","0.0","0.0","27.1"
"Mo Alie-Cox","IND","TE86","0.0","0.0","0.0","10.8","110.9","0.9","0.1","27.0"
"Jaheim Bell","PIT","TE87","0.0","0.0","0.0","10.0","98.0","1.0","0.0","25.8"
"Bryce Lance","NO","WR141","0.0","0.0","0.0","9.8","121.3","0.6","0.1","25.1"
"Hunter Luepke","DAL","RB90","13.3","56.1","0.5","8.6","61.7","0.4","0.1","25.0"
"Jam Miller","NE","RB91","33.0","145.0","1.0","2.0","25.0","0.0","0.0","25.0"
"Connor Heyward","LV","TE88","4.2","17.6","0.1","9.0","66.0","1.1","0.0","24.5"
"Odell Beckham Jr.","NYG","WR142","0.0","0.0","0.0","9.2","113.3","0.6","0.1","24.1"
"Salvon Ahmed","CHI","RB92","35.0","154.0","1.0","1.0","12.0","0.0","0.0","23.6"
"Durham Smythe","BAL","TE89","0.0","0.0","0.0","9.8","94.0","0.7","0.1","23.5"
"Jarquez Hunter","LAR","RB93","32.0","148.0","1.0","1.0","14.0","0.0","0.0","23.2"
"Seth McGowan","IND","RB94","22.3","96.6","1.2","3.2","26.9","0.1","0.0","23.1"
"Israel Abanikanda","DAL","RB95","32.0","147.0","1.0","1.0","14.0","0.0","0.0","23.1"
"Donovan Edwards","MIA","RB96","31.0","130.0","1.0","2.0","19.0","0.0","0.0","22.9"
"Dameon Pierce","PHI","RB97","35.0","161.0","1.0","0.0","0.0","0.0","0.0","22.1"
"Kyle Williams","NE","WR143","4.1","22.3","0.2","6.4","91.4","0.6","0.1","22.1"
"Kaytron Allen","WAS","RB98","23.6","110.8","0.7","3.0","25.7","0.1","0.0","21.5"
"Tez Johnson","TB","WR144","4.4","23.3","0.2","6.7","77.6","0.6","0.1","21.5"
"Jimmy Horn Jr.","CAR","WR145","6.2","36.8","0.2","6.7","75.7","0.4","0.1","21.1"
"Mitchell Evans","CAR","TE90","0.0","0.0","0.0","8.0","71.0","1.0","0.0","21.1"
"Joe Royer","CLE","TE91","0.0","0.0","0.0","8.8","81.6","0.7","0.0","20.9"
"Demond Claiborne","MIN","RB99","21.6","96.2","0.7","3.3","25.2","0.1","0.0","20.0"
"Max Klare","LAR","TE92","0.0","0.0","0.0","7.5","82.6","0.7","0.0","19.8"
"Devin Singletary","NYG","RB100","22.3","89.2","0.6","4.2","26.3","0.1","0.1","19.8"
"Nicholas Singleton","TEN","RB101","20.3","83.4","0.6","4.3","30.1","0.2","0.1","19.7"
"Devin Neal","NO","RB102","22.5","90.0","1.0","2.5","17.5","0.0","0.0","19.3"
"Jerome Ford","WAS","RB103","17.5","97.0","0.5","4.0","23.0","0.0","0.0","19.0"
"Justin Joly","DEN","TE93","0.0","0.0","0.0","8.0","70.9","0.7","0.0","19.0"
"Brevyn Spann-Ford","DAL","TE94","0.0","0.0","0.0","7.4","70.9","0.7","0.0","18.5"
"Tahj Brooks","CIN","RB104","30.6","129.4","0.9","0.0","0.0","0.0","0.1","18.3"
"Jalen Royals","KC","WR146","0.0","0.0","0.0","6.8","78.0","0.6","0.1","18.3"
"Payne Durham","TB","TE95","0.0","0.0","0.0","7.2","70.7","0.6","0.1","18.0"
"Sam Roush","CHI","TE96","0.0","0.0","0.0","6.8","72.9","0.6","0.0","17.9"
"Oscar Delp","NO","TE97","0.0","0.0","0.0","7.8","73.3","0.5","0.1","17.9"
"KeAndre Lambert-Smith","LAC","WR147","0.0","0.0","0.0","6.4","80.5","0.6","0.1","17.8"
"Tip Reiman","ARI","TE98","0.0","0.0","0.0","7.9","62.2","0.6","0.0","17.7"
"Devin Culp","TB","TE99","0.0","0.0","0.0","5.5","59.0","1.0","0.0","17.4"
"Laquon Treadwell","IND","WR148","0.0","0.0","0.0","7.0","74.1","0.4","0.1","16.6"
"Ian Thomas","LV","TE100","0.0","0.0","0.0","6.9","62.0","0.6","0.0","16.5"
"Michael Burton","CLE","RB105","6.6","13.8","0.6","5.1","33.2","0.6","0.0","16.5"
"Alec Ingold","LAC","RB106","2.1","8.6","0.1","7.9","58.6","0.2","0.1","16.4"
"Dont'e Thornton Jr.","LV","WR149","0.0","0.0","0.0","6.0","82.9","0.3","0.1","16.0"
"Hunter Long","JAC","TE101","0.0","0.0","0.0","5.0","45.0","1.0","0.0","15.5"
"Isaac Guerendo","SF","RB107","16.5","80.0","0.5","2.0","18.5","0.0","0.0","14.9"
"Andrew Beck","NYJ","TE102","0.5","4.0","0.0","4.6","31.8","1.1","0.0","14.8"
"Trevor Etienne","CAR","RB108","12.3","52.5","0.3","4.1","29.3","0.1","0.1","14.8"
"Greg Dortch","DET","WR150","4.6","24.0","0.4","4.1","39.7","0.3","0.1","14.1"
"Bo Melton","GB","WR151","4.5","26.0","0.1","2.9","37.5","0.3","0.1","11.5"
"Tyrell Shavers","BUF","WR152","0.0","0.0","0.0","4.0","52.1","0.3","0.0","10.9"
"Adam Prentice","DEN","RB109","4.1","17.4","0.1","4.1","29.8","0.2","0.0","10.4"
"Derius Davis","LAC","WR153","2.1","11.0","0.1","3.5","38.1","0.3","0.1","10.3"
"Luke Farrell","SF","TE103","0.0","0.0","0.0","4.2","40.7","0.3","0.0","9.9"
"Xavier Smith","LAR","WR154","0.0","0.0","0.0","3.6","44.4","0.3","0.0","9.9"
"Mitch Tinsley","CIN","WR155","0.0","0.0","0.0","3.3","41.7","0.4","0.0","9.7"
"CJ Daniels","LAR","WR156","0.0","0.0","0.0","3.4","42.8","0.3","0.0","9.6"
"Max Bredeson","MIN","RB110","2.0","8.5","0.1","4.5","29.4","0.2","0.0","9.6"
"Tanner Koziol","JAC","TE104","0.0","0.0","0.0","3.9","36.6","0.3","0.0","9.2"
"CJ Dippre","NE","TE105","0.0","0.0","0.0","3.9","37.3","0.3","0.0","9.2"
"Malachi Corley","CLE","WR157","6.4","43.8","0.2","1.7","16.5","0.1","0.1","9.1"
"Ko Kieft","TB","TE106","0.0","0.0","0.0","3.7","36.1","0.3","0.0","9.1"
"Tyler Conklin","DET","TE107","0.0","0.0","0.0","3.7","38.0","0.3","0.0","8.9"
"Tai Felton","MIN","WR158","0.0","0.0","0.0","3.7","37.1","0.2","0.0","8.8"
"Drew Ogletree","IND","TE108","0.0","0.0","0.0","3.7","35.3","0.3","0.0","8.7"
"Eric Saubert","SEA","TE109","0.0","0.0","0.0","3.4","34.4","0.3","0.0","8.6"
"Josh Cuevas","BAL","TE110","0.0","0.0","0.0","3.3","35.8","0.3","0.0","8.6"
"Josh Whyle","GB","TE111","0.0","0.0","0.0","3.6","33.0","0.3","0.0","8.6"
"Justin Watson","HOU","WR159","0.0","0.0","0.0","3.1","41.6","0.2","0.0","8.5"
"Darius Cooper","PHI","WR160","0.0","0.0","0.0","3.3","37.7","0.3","0.0","8.5"
"Jonathan Mingo","DAL","WR161","0.0","0.0","0.0","2.9","40.6","0.3","0.0","8.4"
"Barion Brown","NO","WR162","0.0","0.0","0.0","3.3","40.0","0.2","0.0","8.3"
"Johnny Mundt","PHI","TE112","0.0","0.0","0.0","3.5","35.4","0.2","0.0","8.2"
"Anthony Gould","IND","WR163","0.0","0.0","0.0","3.5","37.0","0.2","0.0","8.1"
"Riley Nowakowski","PIT","TE113","0.0","0.0","0.0","4.3","29.1","0.2","0.0","8.1"
"Reggie Virgil","ARI","WR164","0.0","0.0","0.0","3.4","39.3","0.1","0.0","8.1"
"Reggie Gilliam","NE","RB111","0.0","0.0","0.0","4.1","29.8","0.2","0.0","7.9"
"Brycen Tremayne","CAR","WR165","0.0","0.0","0.0","3.3","36.1","0.2","0.0","7.8"
"Jack Stoll","CLE","TE114","0.0","0.0","0.0","3.6","30.3","0.2","0.0","7.5"
"Patrick Ricard","NYG","RB112","0.0","0.0","0.0","3.9","26.9","0.1","0.0","7.4"
"Kendre Miller","NO","RB113","12.9","54.8","0.3","0.0","0.0","0.0","0.0","7.2"
"Kaleb Johnson","PIT","RB114","8.6","35.8","0.2","0.0","0.0","0.0","0.0","4.8"
"Jalen Reagor","MIA","WR166","0.0","0.0","0.0","1.7","22.2","0.1","0.0","4.3"
"Chris Manhertz","NYG","TE115","0.0","0.0","0.0","1.8","16.3","0.1","0.0","4.2"
"Ben Skowronek","PIT","WR167","0.0","0.0","0.0","1.8","16.9","0.1","0.0","3.9"
"Arian Smith","NYJ","WR168","4.3","23.7","0.2","0.0","0.0","0.0","0.0","3.4"
"British Brooks","HOU","RB115","4.2","18.0","0.1","0.0","0.0","0.0","0.0","2.4"
"Kameron Johnson","TB","WR169","2.2","12.1","0.1","0.0","0.0","0.0","0.0","1.8"
"Kaden Wetjen","PIT","WR170","2.1","11.7","0.1","0.0","0.0","0.0","0.0","1.6"
"David Moore","CAR","WR171","0.0","0.0","0.0","0.0","0.0","0.0","0.0","0.0"
"Braxton Berrios","NYG","WR172","0.0","0.0","0.0","0.0","0.0","0.0","0.0","0.0"
"Devin Duvernay","ARI","WR173","0.0","0.0","0.0","0.0","0.0","0.0","0.0","0.0"
"Mason Kinsey","TEN","WR174","0.0","0.0","0.0","0.0","0.0","0.0","0.0","0.0"
"Michael Bandy","DEN","WR175","0.0","0.0","0.0","0.0","0.0","0.0","0.0","0.0"
"Skyy Moore","GB","WR176","0.0","0.0","0.0","0.0","0.0","0.0","0.0","0.0"
"Britain Covey","PHI","WR177","0.0","0.0","0.0","0.0","0.0","0.0","0.0","0.0"
"Dareke Young","LV","WR178","0.0","0.0","0.0","0.0","0.0","0.0","0.0","0.0"
"Jacob Cowing","SF","WR179","0.0","0.0","0.0","0.0","0.0","0.0","0.0","0.0"
"Charlie Jones","CIN","WR180","0.0","0.0","0.0","0.0","0.0","0.0","0.0","0.0"
"Jalen Brooks","ARI","WR181","0.0","0.0","0.0","0.0","0.0","0.0","0.0","0.0"
"Nikko Remigio","KC","WR182","0.0","0.0","0.0","0.0","0.0","0.0","0.0","0.0"
"Jeshaun Jones","MIN","WR183","0.0","0.0","0.0","0.0","0.0","0.0","0.0","0.0"
"Mason Tipton","NO","WR184","0.0","0.0","0.0","0.0","0.0","0.0","0.0","0.0"
"Efton Chism III","NE","WR185","0.0","0.0","0.0","0.0","0.0","0.0","0.0","0.0"
"LaJohntay Wester","BAL","WR186","0.0","0.0","0.0","0.0","0.0","0.0","0.0","0.0"
"Ke'Shawn Williams","CIN","WR187","0.0","0.0","0.0","0.0","0.0","0.0","0.0","0.0"
"Myles Price","MIN","WR188","0.0","0.0","0.0","0.0","0.0","0.0","0.0","0.0"
"Gage Larvadain","CLE","WR189","0.0","0.0","0.0","0.0","0.0","0.0","0.0","0.0"
"Josh Cameron","JAC","WR190","0.0","0.0","0.0","0.0","0.0","0.0","0.0","0.0"
"Quintin Morris","JAC","TE116","0.0","0.0","0.0","0.0","0.0","0.0","0.0","0.0"
"Cole Turner","MIA","TE117","0.0","0.0","0.0","0.0","0.0","0.0","0.0","0.0"
"Jelani Woods","NYJ","TE118","0.0","0.0","0.0","0.0","0.0","0.0","0.0","0.0"
"Lucas Krull","DEN","TE119","0.0","0.0","0.0","0.0","0.0","0.0","0.0","0.0"
"Blake Whiteheart","CLE","TE120","0.0","0.0","0.0","0.0","0.0","0.0","0.0","0.0"
"Julian Hill","NE","TE121","0.0","0.0","0.0","0.0","0.0","0.0","0.0","0.0"
"DeeJay Dallas","JAC","RB116","0.0","0.0","0.0","0.0","0.0","0.0","0.0","0.0"
"Kene Nwangwu","NYJ","RB117","0.0","0.0","0.0","0.0","0.0","0.0","0.0","0.0"
"Tyler Badie","DEN","RB118","0.0","0.0","0.0","0.0","0.0","0.0","0.0","0.0"
"Bam Knight","ARI","RB119","0.0","0.0","0.0","0.0","0.0","0.0","0.0","0.0"
"Trey Benson","ARI","RB120","0.0","0.0","0.0","0.0","0.0","0.0","0.0","0.0"
"Jacob Saylors","DET","RB121","0.0","0.0","0.0","0.0","0.0","0.0","0.0","0.0"
"Zavier Scott","MIN","RB122","0.0","0.0","0.0","0.0","0.0","0.0","0.0","0.0"
"Rasheen Ali","BAL","RB123","0.0","0.0","0.0","0.0","0.0","0.0","0.0","0.0"
"Dylan Laube","LV","RB124","0.0","0.0","0.0","0.0","0.0","0.0","0.0","0.0"
"Chris Collier","LV","RB125","0.0","0.0","0.0","0.0","0.0","0.0","0.0","0.0"
"Josh Williams","TB","RB126","0.0","0.0","0.0","0.0","0.0","0.0","0.0","0.0"
""
""