"Player","Team","REC","YDS","TDS","ATT","YDS","TDS","FL","FPTS"
" ","","",""
"Puka Nacua","LAR","117.0","1539.0","9.0","13.6","85.0","1.4","1.0","339.8"
"Ja'Marr Chase","CIN","121.0","1510.3","10.6","3.0","17.0","0.0","1.0","335.7"
"Jaxon Smith-Njigba","SEA","110.9","1569.7","9.2","5.5","30.4","0.1","1.1","324.2"
"Amon-Ra St. Brown","DET","117.4","1391.1","10.8","3.1","11.8","0.0","0.4","321.9"
"Drake London","ATL","101.7","1328.7","9.1","0.0","0.0","0.0","1.0","287.2"
"Rashee Rice","KC","99.1","1100.3","9.7","5.4","25.5","0.9","0.6","273.8"
"CeeDee Lamb","DAL","97.6","1296.6","7.5","2.4","12.5","0.0","0.3","273.2"
"Justin Jefferson","MIN","98.6","1311.6","7.1","1.3","5.5","0.0","0.3","272.5"
"Chris Olave","NO","94.5","1171.4","7.8","0.3","0.0","0.0","0.3","257.8"
"A.J. Brown","NE","87.7","1221.6","7.6","0.0","0.0","0.0","0.3","255.1"
"George Pickens","DAL","82.6","1201.3","8.4","0.3","-0.3","0.0","0.5","252.2"
"Nico Collins","HOU","82.5","1209.9","7.2","1.4","8.3","0.4","0.8","248.2"
"Zay Flowers","BAL","82.9","1179.1","6.5","9.9","58.8","0.5","1.5","245.6"
"Garrett Wilson","NYJ","96.3","1095.6","6.4","1.1","4.3","0.0","1.0","242.9"
"Malik Nabers","NYG","80.0","1069.3","8.4","2.8","8.3","0.1","0.4","238.0"
"DeVonta Smith","PHI","87.9","1135.1","6.0","0.0","0.0","0.0","0.3","236.9"
"Tetairoa McMillan","CAR","81.2","1144.9","6.6","0.0","0.0","0.0","0.9","233.7"
"Emeka Egbuka","TB","73.2","1098.8","7.5","1.4","7.3","0.0","0.3","228.4"
"Davante Adams","LAR","68.8","925.8","10.2","0.0","0.0","0.0","0.2","222.3"
"Tee Higgins","CIN","70.6","964.6","9.1","0.0","0.0","0.0","0.2","221.5"
"Ladd McConkey","LAC","79.2","1010.2","6.8","0.0","0.0","0.0","0.3","220.2"
"Jameson Williams","DET","64.4","1065.9","6.6","7.3","42.0","0.5","0.2","217.4"
"Rome Odunze","CHI","64.1","993.5","8.1","0.3","1.3","0.0","0.3","211.9"
"Terry McLaurin","WAS","69.1","973.1","7.4","0.3","0.3","0.0","0.3","210.0"
"Jaylen Waddle","DEN","74.2","990.6","6.0","1.7","12.4","0.0","0.3","210.0"
"DJ Moore","BUF","69.4","905.3","7.0","10.3","54.0","0.5","0.8","208.5"
"Luther Burden III","CHI","72.7","975.6","5.7","7.7","38.2","0.1","0.3","208.4"
"Alec Pierce","IND","63.1","1038.8","6.5","0.0","0.0","0.0","0.3","205.7"
"Mike Evans","SF","67.4","950.8","7.0","0.0","0.0","0.0","0.2","203.8"
"Courtland Sutton","DEN","67.4","883.4","7.2","0.0","0.0","0.0","0.2","198.4"
"Marvin Harrison Jr.","ARI","67.3","945.5","6.0","0.0","0.0","0.0","0.3","197.3"
"Christian Watson","GB","58.0","930.6","7.4","1.7","8.0","0.0","0.3","195.7"
"DK Metcalf","PIT","64.2","926.9","6.1","0.7","3.3","0.3","0.2","195.1"
"Michael Pittman Jr.","PIT","80.5","806.1","5.0","0.0","0.0","0.0","0.3","190.2"
"Parker Washington","JAC","62.6","862.6","5.7","5.0","13.6","0.1","0.4","184.2"
"Brian Thomas Jr.","JAC","58.0","872.3","5.3","2.7","17.7","0.4","0.2","181.1"
"Wan'Dale Robinson","TEN","79.9","805.5","3.3","2.0","9.5","0.1","0.3","181.0"
"Jakobi Meyers","JAC","68.3","788.1","5.1","4.3","22.6","0.1","0.8","178.7"
"Carnell Tate","TEN","65.2","887.1","4.5","0.7","3.0","0.0","1.4","178.3"
"Josh Downs","IND","77.6","754.2","4.3","1.4","4.3","0.0","0.8","177.7"
"Michael Wilson","ARI","67.5","826.9","4.5","0.0","0.7","0.0","0.2","176.7"
"Jayden Reed","GB","63.1","758.3","4.8","12.0","87.0","0.1","0.4","176.5"
"Chris Godwin Jr.","TB","67.8","774.2","5.2","0.3","0.3","0.0","0.3","175.8"
"Jordyn Tyson","NO","63.2","857.9","4.3","0.7","3.3","0.0","1.3","172.5"
"Quentin Johnston","LAC","53.6","757.1","6.9","1.7","5.9","0.0","0.7","169.8"
"Jordan Addison","MIN","55.2","758.4","5.4","2.7","37.1","0.4","0.2","168.9"
"Deebo Samuel Sr.","SF","58.3","665.7","4.5","29.1","111.7","1.1","0.4","168.7"
"Xavier Worthy","KC","55.2","722.3","4.2","15.5","99.3","0.9","0.2","167.3"
"Stefon Diggs","WAS","67.1","748.0","4.2","0.3","0.7","0.0","0.2","166.4"
"Matthew Golden","GB","56.9","787.5","4.4","8.2","40.9","0.1","0.4","165.6"
"Khalil Shakir","BUF","69.7","726.2","3.9","1.1","5.5","0.0","0.8","164.9"
"KC Concepcion","CLE","60.0","778.6","3.6","4.2","22.4","0.1","1.3","159.4"
"Jalen Coker","CAR","60.2","716.7","4.5","0.0","0.0","0.0","0.8","157.2"
"Rashid Shaheed","SEA","49.9","755.8","3.8","13.4","88.9","0.3","0.8","156.8"
"Romeo Doubs","NE","55.2","712.2","5.1","0.0","0.0","0.0","0.3","156.4"
"Denzel Boston","CLE","58.4","756.5","3.5","1.0","5.0","0.0","1.3","152.8"
"De'Zhaun Stribling","SF","51.3","751.1","4.5","1.5","6.5","0.0","1.2","151.4"
"Makai Lemon","PHI","53.3","738.4","4.4","1.5","6.5","0.0","1.3","151.4"
"Calvin Ridley","TEN","46.7","762.5","3.2","4.5","27.5","0.6","0.2","148.0"
"Jayden Higgins","HOU","51.8","634.3","5.2","0.0","0.0","0.0","0.2","146.0"
"Jerry Jeudy","CLE","54.2","746.9","2.9","0.5","2.0","0.0","0.7","144.7"
"Tre Tucker","LV","50.1","635.1","3.8","11.2","52.9","0.2","0.1","142.2"
"Tank Dell","HOU","50.0","630.5","3.8","10.2","48.8","0.1","0.2","141.1"
"Jauan Jennings","MIN","48.7","558.2","5.2","0.0","0.0","0.0","0.7","134.1"
"Jalen McMillan","TB","46.7","607.6","3.9","4.7","26.8","0.1","0.2","134.0"
"Rashod Bateman","BAL","38.3","590.0","6.0","0.0","0.0","0.0","0.2","132.9"
"Jalen Nailor","LV","43.6","590.7","4.5","2.0","8.5","0.0","0.2","130.4"
"Cooper Kupp","SEA","47.4","584.9","3.4","0.5","1.5","0.0","0.7","125.2"
"Ja'Kobi Lane","BAL","37.3","559.2","5.2","1.5","8.5","0.0","0.7","124.1"
"Adonai Mitchell","NYJ","39.7","549.1","3.3","2.1","5.1","0.1","0.7","113.8"
"Malik Washington","MIA","45.7","415.0","2.4","13.4","80.7","0.7","0.8","112.2"
"Travis Hunter","JAC","41.6","496.1","3.3","2.0","10.8","0.1","0.4","111.6"
"Germie Bernard","PIT","41.2","507.9","2.9","2.1","10.8","0.0","0.7","109.1"
"Kayshon Boutte","NE","33.2","501.4","4.3","0.0","0.0","0.0","0.1","109.1"
"Dontayvion Wicks","PHI","39.5","518.0","2.9","0.0","0.0","0.0","0.4","108.0"
"Bub Means","NO","38.0","518.0","3.0","1.0","6.0","0.0","1.0","106.4"
"Caleb Douglas","MIA","39.7","512.8","2.6","1.0","5.5","0.0","0.7","105.5"
"Antonio Williams","WAS","35.5","497.4","3.1","3.5","18.7","0.1","1.2","104.2"
"Devaughn Vele","NO","38.7","463.1","3.1","0.0","0.0","0.0","0.1","103.1"
"Darius Slayton","NYG","35.8","526.3","2.0","1.6","8.6","0.0","0.7","100.2"
"Troy Franklin","DEN","36.5","402.1","3.4","3.0","10.8","0.0","0.6","97.2"
"Tory Horton","SEA","30.3","401.5","4.2","0.5","3.0","0.0","0.6","94.5"
"Xavier Legette","CAR","35.9","417.8","2.6","2.1","10.8","0.1","0.4","93.9"
"Omar Cooper Jr.","NYJ","34.6","410.8","2.9","2.1","12.5","0.1","0.6","93.1"
"Tyquan Thornton","KC","25.4","466.8","3.5","0.0","0.0","0.0","0.1","92.7"
"Jahan Dotson","ATL","35.2","443.5","2.3","0.0","0.0","0.0","0.3","92.6"
"Christian Kirk","SF","34.0","405.9","2.6","0.0","0.0","0.0","0.1","89.9"
"Tre' Harris","LAC","34.5","410.1","2.5","0.0","0.0","0.0","0.4","89.6"
"Ryan Flournoy","DAL","33.9","383.7","2.7","2.2","12.4","0.1","0.4","89.4"
"Jalen Tolbert","MIA","34.2","424.3","1.7","0.0","0.0","0.0","0.3","86.2"
"Isaac TeSlaa","DET","25.4","352.4","4.1","0.0","0.0","0.0","0.1","85.1"
"Ashton Dulin","IND","25.8","423.4","1.7","5.1","46.2","0.1","0.1","83.0"
"Ted Hurst III","TB","28.9","390.5","2.6","1.0","6.5","0.0","0.6","82.8"
"Hollywood Brown","PHI","28.2","349.9","3.0","0.0","0.0","0.0","0.1","81.1"
"Zachariah Branch","ATL","31.4","381.9","1.9","0.0","0.0","0.0","0.3","80.4"
"Andrei Iosivas","CIN","27.7","352.2","2.6","2.5","11.1","0.0","0.1","79.5"
"Elic Ayomanor","TEN","25.4","342.7","3.3","0.0","0.0","0.0","0.0","79.4"
"Chimere Dike","TEN","27.8","271.5","3.4","10.1","33.6","0.3","0.6","79.1"
"Keon Coleman","BUF","24.4","337.6","2.8","0.0","0.0","0.0","0.2","74.6"
"Jaylin Noel","HOU","28.8","322.6","1.8","4.2","22.2","0.1","0.3","74.2"
"Pat Bryant","DEN","28.4","320.1","2.1","0.0","0.0","0.0","0.3","72.4"
"Joshua Palmer","BUF","25.9","342.7","1.6","0.0","0.0","0.0","0.1","69.8"
"Olamide Zaccheaus","ATL","30.1","277.2","1.8","1.5","9.5","0.0","0.1","69.5"
"Marvin Mims Jr.","DEN","24.1","272.9","1.6","8.2","45.1","0.3","0.4","66.7"
"Jack Bech","LV","27.6","314.5","1.2","0.0","0.0","0.0","0.3","65.7"
"Zavion Thomas","CHI","23.2","306.3","2.1","1.5","6.5","0.0","1.1","65.0"
"Xavier Hutchinson","HOU","23.2","279.5","1.9","2.1","14.2","0.0","0.1","63.9"
"Darnell Mooney","NYG","21.5","308.9","1.7","2.2","11.9","0.1","0.2","63.7"
"KaVontae Turpin","DAL","18.2","229.9","1.7","17.7","102.5","0.4","0.4","63.7"
"DeMario Douglas","NE","22.8","270.8","1.5","4.1","21.4","0.2","0.3","61.3"
"Savion Williams","GB","20.5","231.1","1.7","9.0","47.0","0.3","0.3","59.9"
"Malachi Fields","NYG","23.0","279.8","1.6","0.0","0.0","0.0","0.2","59.8"
"Calvin Austin III","NYG","19.6","262.2","2.2","0.0","0.0","0.0","0.0","58.8"
"Tutu Atwell","MIA","22.1","316.4","0.5","2.2","11.3","0.1","0.2","57.8"
"Jahdae Walker","CHI","17.6","234.8","2.7","0.5","3.5","0.0","0.0","57.4"
"Chris Bell","MIA","21.9","285.2","1.0","0.0","0.0","0.0","0.2","56.2"
"Cedric Tillman","CLE","18.5","235.6","2.1","0.0","-0.5","0.0","0.0","54.6"
"Demarcus Robinson","SF","17.6","253.0","1.7","0.5","2.5","0.0","0.0","53.1"
"Nick Westbrook-Ikhine","IND","18.6","229.5","1.7","0.0","0.0","0.0","0.2","51.4"
"Kendrick Bourne","ARI","22.8","239.4","0.7","0.0","0.0","0.0","0.2","50.3"
"Luke McCaffrey","WAS","14.4","221.7","2.3","0.0","0.0","0.0","0.0","50.0"
"Malik Benson","LV","19.4","244.1","0.8","0.0","0.0","0.0","0.2","48.1"
"Dyami Brown","WAS","15.9","217.1","1.6","0.0","0.0","0.0","0.2","46.8"
"Kalif Raymond","CHI","19.2","187.0","0.9","4.6","27.2","0.2","0.2","46.5"
"Theo Wease Jr.","MIA","16.0","233.0","1.3","0.0","0.0","0.0","1.0","45.1"
"Treylon Burks","WAS","15.1","217.9","1.4","0.0","0.0","0.0","0.1","44.8"
"Devontez Walker","BAL","14.5","208.7","1.5","0.0","0.0","0.0","0.2","43.8"
"Cyrus Allen","KC","16.2","202.8","1.3","0.0","0.0","0.0","0.2","43.7"
"Isaiah Williams","NYJ","18.8","185.8","0.7","2.2","12.7","0.1","0.2","43.1"
"Colbie Young","CIN","14.0","175.9","1.3","0.0","0.0","0.0","0.1","39.4"
"Jaylin Lane","WAS","12.5","159.6","1.1","0.0","0.0","0.0","0.1","34.7"
"Kevin Coleman Jr.","MIA","13.8","174.6","0.4","0.0","0.0","0.0","0.1","33.7"
"Elijah Sarratt","BAL","11.1","165.8","1.0","0.0","0.0","0.0","0.1","33.5"
"Jordan Whittington","LAR","11.3","128.2","0.9","2.3","12.1","0.1","0.1","31.2"
"Isaiah Bond","CLE","9.9","130.1","0.8","4.3","23.5","0.1","0.1","30.4"
"Konata Mumpfield","LAR","9.9","126.7","1.1","0.0","0.0","0.0","0.1","29.2"
"Roman Wilson","PIT","11.8","134.9","0.6","0.0","0.0","0.0","0.1","28.8"
"Skyler Bell","BUF","10.1","136.4","0.8","0.0","0.0","0.0","0.1","28.3"
"Mack Hollins","NE","10.8","126.5","0.8","0.0","0.0","0.0","0.1","28.0"
"Brenen Thompson","LAC","9.5","121.5","0.7","2.1","11.3","0.1","0.1","27.4"
"Bryce Lance","NO","9.8","121.3","0.6","0.0","0.0","0.0","0.1","25.1"
"Odell Beckham Jr.","NYG","9.2","113.3","0.6","0.0","0.0","0.0","0.1","24.1"
"Kyle Williams","NE","6.4","91.4","0.6","4.1","22.3","0.2","0.1","22.1"
"Tez Johnson","TB","6.7","77.6","0.6","4.4","23.3","0.2","0.1","21.5"
"Jimmy Horn Jr.","CAR","6.7","75.7","0.4","6.2","36.8","0.2","0.1","21.1"
"Jalen Royals","KC","6.8","78.0","0.6","0.0","0.0","0.0","0.1","18.3"
"KeAndre Lambert-Smith","LAC","6.4","80.5","0.6","0.0","0.0","0.0","0.1","17.8"
"Laquon Treadwell","IND","7.0","74.1","0.4","0.0","0.0","0.0","0.1","16.6"
"Dont'e Thornton Jr.","LV","6.0","82.9","0.3","0.0","0.0","0.0","0.1","16.0"
"Greg Dortch","DET","4.1","39.7","0.3","4.6","24.0","0.4","0.1","14.1"
"Bo Melton","GB","2.9","37.5","0.3","4.5","26.0","0.1","0.1","11.5"
"Tyrell Shavers","BUF","4.0","52.1","0.3","0.0","0.0","0.0","0.0","10.9"
"Derius Davis","LAC","3.5","38.1","0.3","2.1","11.0","0.1","0.1","10.3"
"Xavier Smith","LAR","3.6","44.4","0.3","0.0","0.0","0.0","0.0","9.9"
"Mitch Tinsley","CIN","3.3","41.7","0.4","0.0","0.0","0.0","0.0","9.7"
"CJ Daniels","LAR","3.4","42.8","0.3","0.0","0.0","0.0","0.0","9.6"
"Malachi Corley","CLE","1.7","16.5","0.1","6.4","43.8","0.2","0.1","9.1"
"Tai Felton","MIN","3.7","37.1","0.2","0.0","0.0","0.0","0.0","8.8"
"Justin Watson","HOU","3.1","41.6","0.2","0.0","0.0","0.0","0.0","8.5"
"Darius Cooper","PHI","3.3","37.7","0.3","0.0","0.0","0.0","0.0","8.5"
"Jonathan Mingo","DAL","2.9","40.6","0.3","0.0","0.0","0.0","0.0","8.4"
"Barion Brown","NO","3.3","40.0","0.2","0.0","0.0","0.0","0.0","8.3"
"Anthony Gould","IND","3.5","37.0","0.2","0.0","0.0","0.0","0.0","8.1"
"Reggie Virgil","ARI","3.4","39.3","0.1","0.0","0.0","0.0","0.0","8.1"
"Brycen Tremayne","CAR","3.3","36.1","0.2","0.0","0.0","0.0","0.0","7.8"
"Jalen Reagor","MIA","1.7","22.2","0.1","0.0","0.0","0.0","0.0","4.3"
"Ben Skowronek","PIT","1.8","16.9","0.1","0.0","0.0","0.0","0.0","3.9"
"Arian Smith","NYJ","0.0","0.0","0.0","4.3","23.7","0.2","0.0","3.4"
"Kameron Johnson","TB","0.0","0.0","0.0","2.2","12.1","0.1","0.0","1.8"
"Kaden Wetjen","PIT","0.0","0.0","0.0","2.1","11.7","0.1","0.0","1.6"
"David Moore","CAR","0.0","0.0","0.0","0.0","0.0","0.0","0.0","0.0"
"Braxton Berrios","NYG","0.0","0.0","0.0","0.0","0.0","0.0","0.0","0.0"
"Devin Duvernay","ARI","0.0","0.0","0.0","0.0","0.0","0.0","0.0","0.0"
"Mason Kinsey","TEN","0.0","0.0","0.0","0.0","0.0","0.0","0.0","0.0"
"Michael Bandy","DEN","0.0","0.0","0.0","0.0","0.0","0.0","0.0","0.0"
"Skyy Moore","GB","0.0","0.0","0.0","0.0","0.0","0.0","0.0","0.0"
"Britain Covey","PHI","0.0","0.0","0.0","0.0","0.0","0.0","0.0","0.0"
"Dareke Young","LV","0.0","0.0","0.0","0.0","0.0","0.0","0.0","0.0"
"Jacob Cowing","SF","0.0","0.0","0.0","0.0","0.0","0.0","0.0","0.0"
"Charlie Jones","CIN","0.0","0.0","0.0","0.0","0.0","0.0","0.0","0.0"
"Jalen Brooks","ARI","0.0","0.0","0.0","0.0","0.0","0.0","0.0","0.0"
"Nikko Remigio","KC","0.0","0.0","0.0","0.0","0.0","0.0","0.0","0.0"
"Jeshaun Jones","MIN","0.0","0.0","0.0","0.0","0.0","0.0","0.0","0.0"
"Mason Tipton","NO","0.0","0.0","0.0","0.0","0.0","0.0","0.0","0.0"
"Efton Chism III","NE","0.0","0.0","0.0","0.0","0.0","0.0","0.0","0.0"
"LaJohntay Wester","BAL","0.0","0.0","0.0","0.0","0.0","0.0","0.0","0.0"
"Ke'Shawn Williams","CIN","0.0","0.0","0.0","0.0","0.0","0.0","0.0","0.0"
"Myles Price","MIN","0.0","0.0","0.0","0.0","0.0","0.0","0.0","0.0"
"Gage Larvadain","CLE","0.0","0.0","0.0","0.0","0.0","0.0","0.0","0.0"
"Josh Cameron","JAC","0.0","0.0","0.0","0.0","0.0","0.0","0.0","0.0"
""
""